short_form,short_count,long_form,long_count,short_long_ratio
23中,124,第23中学,16,7.75
65中,73,第65中学,18,4.055555555555555
一产,3005,第一产业,2041,1.4723174914257715
一冶,52,第一冶炼厂,11,4.7272727272727275
一幼,240,第一幼儿园,124,1.935483870967742
一秘,847,一等秘书,348,2.4339080459770117
一纵,291,第一纵队,82,3.548780487804878
七建,45,第七建筑公司,11,4.090909090909091
七纵,35,第七纵队,15,2.3333333333333335
三产,4761,第三产业,15326,0.3106485710557223
三棉,27,第三棉纺织厂,14,1.9285714285714288
上京,642,上海京剧院,432,1.4861111111111112
上博,750,上海博物馆,1223,0.6132461161079313
上图,2414,上海图书馆,786,3.0712468193384224
上工,11726,上海工业,1749,6.70440251572327
上感,1616,上呼吸道感染,533,3.0318949343339585
上戏,393,上海戏剧学院,450,0.8733333333333333
上昆,169,上海昆剧团,202,0.8366336633663366
上柴,113,上海柴油机厂,15,7.533333333333333
上港,699,上海港务局,87,8.03448275862069
上航,5560,上海航空公司,670,8.298507462686567
上芭,308,上海芭蕾舞团,157,1.961783439490446
上视,643,上海电视台,526,1.2224334600760456
上财,1206,上海财经大学,911,1.323819978046103
上铁,700,上海铁路局,1671,0.4189108318372232
上音,648,上海音乐学院,557,1.163375224416517
下权,125,下放权力,241,0.5186721991701245
专储,308,专项储备,184,1.673913043478261
专干,265,专职干部,189,1.402116402116402
专才,1540,专业人才,6322,0.24359379943055995
专控,126,专项控制,35,3.6
专校,118,专科学校,872,0.1353211009174312
专署,174,专员公署,1209,0.14392059553349876
专责,2658,专门负责,3501,0.7592116538131962
世协,65,世界语协会,101,0.6435643564356436
世局,87,世界局势,764,0.11387434554973822
世行,9614,世界银行,25002,0.3845292376609871
世贸,35048,世界贸易,22554,1.553959386361621
业校,180,业余学校,140,1.2857142857142858
东协,3138,东南亚国家协会,808,3.883663366336634
东汽,1814,东风汽车公司,922,1.967462039045553
东航,13203,东方航空公司,1472,8.969429347826088
丝路,1901,丝绸之路,9663,0.1967297940598158
严处,1333,严肃处理,9232,0.1443890814558059
严控,3616,严格控制,12044,0.30023248090335436
严斥,46,严厉斥责,90,0.5111111111111111
严管,1962,严格管理,3740,0.5245989304812835
严罚,114,严肃处罚,97,1.175257731958763
个唱,476,个人演唱会,319,1.4921630094043887
个税,8868,个人所得税,13263,0.6686270074643745
个贷,2005,个人贷款,1706,1.1752637749120751
中大,31647,中山大学,5872,5.3894754768392374
中委,2311,中央委员,10480,0.22051526717557252
中总,4496,香港中华总商会,1340,3.355223880597015
中戏,456,中央戏剧学院,488,0.9344262295081968
中控,1551,中央控制,376,4.125
中直,6252,中央直属机关,906,6.900662251655629
中芭,339,中央芭蕾舞团,597,0.5678391959798995
中野,774,中原野战军,87,8.89655172413793
中院,8046,中级人民法院,14712,0.5469004893964111
临客,3450,临时旅客列车,396,8.712121212121213
临屋,16,临时房屋,73,0.2191780821917808
临建,335,临时建筑,402,0.8333333333333334
临快,46,临时快车,19,2.4210526315789473
临管,115,临时管理,916,0.12554585152838427
主因,5726,主要原因,43627,0.131248997180645
主控,1303,主要控制,260,5.0115384615384615
主秘,306,主任秘书,338,0.9053254437869822
主险,282,主要保险,82,3.4390243902439024
举协,207,举重协会,576,0.359375
举发,641,检举揭发,612,1.0473856209150327
举联,193,举重联合会,43,4.488372093023256
义教,9551,义务教育,30567,0.3124611509143848
义消,164,义务消防队,132,1.2424242424242424
乌市,3824,乌鲁木齐市,8483,0.45078392078274193
乐疗,104,音乐治疗,108,0.9629629629629628
乐评,233,音乐评论,91,2.56043956043956
乒协,2028,乒乓球协会,724,2.8011049723756907
乒总,242,乒乓球总会,109,2.220183486238532
乒联,174,乒乓球联合会,34,5.117647058823529
乔峰,64,乔戈里峰,371,0.1725067385444744
乙脑,478,乙型脑炎,216,2.212962962962963
乡建,1419,乡村建设,281,5.049822064056939
乡邮,182,乡村邮递,37,4.918918918918919
书家,700,书法家,4942,0.141643059490085
书艺,355,书法艺术,1941,0.18289541473467288
书赛,57,书法比赛,177,0.3220338983050847
二产,605,第二产业,3243,0.18655565834104224
二商,100,第二商业,12,8.333333333333334
二外,516,第二外国语学院,289,1.7854671280276817
二棉,46,第二棉纺织厂,37,1.2432432432432432
二毛,428,第二毛纺织厂,93,4.602150537634409
二汽,419,第二汽车制造厂,160,2.61875
二秘,233,二等秘书,144,1.6180555555555556
云大,1106,云南大学,1107,0.999096657633243
五交,252,五金交电,135,1.8666666666666667
亚乒,507,亚洲乒乓球,259,1.9575289575289576
亚姐,298,亚洲小姐,214,1.3925233644859814
亚青,1144,亚洲青年,1165,0.9819742489270388
交大,13821,交通大学,3139,4.402994584262504
交委,1819,交通委员会,401,4.5361596009975065
交行,20305,交通银行,7439,2.7295335394542275
产供,1502,生产供应,1274,1.1789638932496076
产能,35252,生产能力,21487,1.6406199097128495
产销,19458,生产和销售,2758,7.055112400290065
产需,1407,生产需求,187,7.524064171122995
人医,2975,人民医院,16828,0.1767886855241265
人大,212985,人民代表大会,29685,7.174835775644265
人委,1986,人民委员会,833,2.3841536614645857
人普,2553,人口普查,9339,0.27336973980083523
人武,12275,人民武装,2597,4.7266076241817485
人美,1407,人民美术出版社,301,4.674418604651163
人防,4489,人民防空,867,5.17762399077278
从商,3401,从事商业,588,5.784013605442177
价改,1886,价格改革,3779,0.4990738290553056
企办,33,企业办公室,55,0.6
企务,52,企业事务,137,0.3795620437956204
企协,196,企业家协会,937,0.20917822838847383
企财,133,企业财产,402,0.3308457711442786
企银,53,企业银行,345,0.1536231884057971
伊协,568,伊斯兰教协会,1018,0.5579567779960707
伊航,128,伊拉克航空公司,73,1.7534246575342465
伊阵,198,伊斯兰拯救阵线,132,1.5
伏休,75,伏季休渔,519,0.14450867052023122
众院,6865,众议院,30271,0.22678471143999207
优分,27,优先分配,64,0.421875
优品,441,优质产品,1448,0.30455801104972374
优长,670,优点和长处,93,7.204301075268817
体事,3762,体育赛事,4652,0.8086844368013758
体健,4174,身体健康,11315,0.3688908528501989
体协,9299,体育协会,2339,3.9756306113723814
体工,13919,体育工作,3023,4.604366523321204
体彩,2632,体育彩票,1857,1.4173397953688744
体校,3834,体育学校,385,9.958441558441558
体模,864,人体模型,124,6.967741935483871
体疗,123,体育医疗,45,2.7333333333333334
体语,927,身体语言,174,5.327586206896552
体院,1732,体育学院,2698,0.6419570051890289
余资,1173,剩余资金,265,4.426415094339623
佛协,477,佛教协会,2486,0.1918744971842317
作训,2217,作战训练,1130,1.9619469026548673
佳市,114,佳木斯市,1054,0.1081593927893738
例验,12,例行检验,17,0.7058823529411765
侗民,36,侗族人民,25,1.44
供市,1430,供应市场,557,2.567324955116697
侦处,48,侦查处理,20,2.4
侦技,42,侦察技术,64,0.65625
俄商,268,俄罗斯商人,237,1.130801687763713
俄航,1492,俄罗斯航空公司,179,8.335195530726256
俄队,152,俄国家队,34,4.470588235294118
保共,196,保加利亚共产党,30,6.533333333333333
保教,983,保育教育,110,8.936363636363636
保盟,29,保卫中国同盟,57,0.5087719298245614
保队,359,保加利亚队,2546,0.14100549882168106
信资,685,信托投资,797,0.8594730238393977
修宪,4371,修改宪法,2794,1.5644237652111668
修律,14,修订法律,82,0.17073170731707318
修院,218,修道院,824,0.2645631067961165
债信,1086,债务信用,116,9.362068965517242
债息,118,债券利息,218,0.5412844036697247
停售,1815,停止销售,1136,1.5977112676056338
停捕,46,停止捕捞,23,2
停播,1181,停止播放,125,9.448
停检,38,停车检查,111,0.34234234234234234
健检,364,健康检查,1993,0.1826392373306573
储种,48,储蓄种类,19,2.526315789473684
储贷,93,储蓄和贷款,26,3.576923076923077
僚气,45,官僚习气,90,0.5
儿艺,994,儿童艺术,943,1.0540827147401908
儿麻,883,小儿麻痹症,1162,0.7598967297762479
克旗,511,克什克腾旗,302,1.6920529801324504
免刑,445,免予刑事处分,54,8.24074074074074
免诉,166,免予起诉,178,0.9325842696629212
兑汇,1012,兑换外汇,102,9.92156862745098
党史,6543,党的历史,1605,4.076635514018691
党工,3175,党务工作,1544,2.0563471502590676
党建,15227,党的建设,18509,0.822680857960992
党纪,11386,党的纪律,1959,5.812149055640633
全委,3887,全国委员会,9536,0.40761325503355705
全麻,225,全身麻醉,200,1.125
八办,47,八路军办事处,140,0.3357142857142857
公交,49118,公共交通,12680,3.873659305993691
公关,12216,公共关系,2212,5.522603978300181
公判,277,公开宣判,1420,0.19507042253521129
公厕,4302,公共厕所,1029,4.180758017492711
公审,488,公开审判,780,0.6256410256410256
公屋,1769,公共房屋,352,5.025568181818182
公德,3303,公共道德,348,9.491379310344827
公意,100,公民意愿,16,6.25
公投,22677,公民投票,3786,5.989698890649763
公捕,146,公开逮捕,67,2.1791044776119404
公校,289,公办学校,2389,0.12097111762243616
公益,53287,公共利益,6768,7.873374704491725
公铁,444,公路铁路,320,1.3875
兰铁,428,兰州铁路,727,0.5887207702888583
共保,935,共同保护,501,1.8662674650698603
共军,275,共产党的军队,29,9.482758620689657
共市,74,欧洲共同市场,35,2.1142857142857143
共建,22980,共同建设,2629,8.740966146823887
共治,1207,共同治理,215,5.613953488372093
共盟,26,共产主义者联盟,30,0.8666666666666667
共管,8606,共同管理,882,9.757369614512472
共荣,1562,共同繁荣,9491,0.16457696765356652
共集,349,共同筹集,90,3.8777777777777778
关员,1958,海关人员,1936,1.0113636363636365
关检,1621,海关检查,317,5.113564668769716
兵总,679,兵器工业总公司,148,4.587837837837838
养教,640,培养教育,626,1.022364217252396
内刊,173,内部刊物,169,1.0236686390532543
内处,1080,内部处理,182,5.934065934065934
内审,726,内部审计,736,0.9864130434782608
内控,2760,内部控制,1984,1.3911290322580645
内潜,229,内部潜力,260,0.8807692307692307
内资,6779,国内资本,689,9.838896952104498
内销,5432,国内销售,1062,5.114877589453861
再障,50,再生障碍性贫血,346,0.14450867052023122
军体,2195,军事体育,601,3.652246256239601
军力,5394,军事力量,5437,0.992091226779474
军基,18176,军事基地,10168,1.7875688434303698
军妓,133,随军妓女,82,1.6219512195121952
军婚,56,军人婚姻,30,1.8666666666666667
军干,929,军队干部,871,1.0665901262916189
军情,4570,军事情报,1393,3.280689160086145
军报,2247,解放军报,4150,0.5414457831325301
军控,3504,军备控制,709,4.942172073342737
军援,643,军事援助,1523,0.4221930400525279
军机,3634,军事机密,479,7.586638830897703
军检,754,军事检察院,347,2.1729106628242074
军管,381,军事管制,293,1.3003412969283277
军训,5956,军事训练,16239,0.3667713529158199
军贸,192,军火贸易,256,0.75
农中,226,农业中学,25,9.04
农军,182,农民自卫军,55,3.309090909090909
农办,483,农业办公室,55,8.781818181818181
农化,413,农业化学,98,4.214285714285714
农地,1737,农业用地,474,3.664556962025317
农大,1720,农业大学,7021,0.24497934767127189
农居,223,农转居,83,2.6867469879518073
农广,21,农业广播,96,0.21875
农房,1985,农民住房,320,6.203125
农技,4977,农业技术,5997,0.8299149574787393
农投,105,农业投资,985,0.1065989847715736
农改,100,农业改革,432,0.23148148148148148
农本,133,农业成本,70,1.9
农电,857,农村用电,360,2.3805555555555555
农科,6872,农业科学,2882,2.3844552394170715
农经,1177,农业经济,2201,0.5347569286687869
农话,234,农村电话,356,0.6573033707865169
农贷,850,农业贷款,939,0.9052183173588924
农资,12388,农业生产资料,2282,5.428571428571429
农运,3874,农民运动,1625,2.384
农院,42,农业学院,52,0.8076923076923077
农险,527,农业保险,2515,0.2095427435387674
冰协,240,冰球协会,252,0.9523809523809524
冰啤,49,冰镇啤酒,51,0.9607843137254902
冰期,653,冰川时期,76,8.592105263157896
冰联,244,冰球联合会,41,5.951219512195122
准购,473,批准购买,48,9.854166666666666
减亏,2286,减少亏损,237,9.645569620253164
减让,633,减税让利,167,3.7904191616766463
减资,352,减少资本,101,3.485148514851485
函大,147,函授大学,191,0.7696335078534031
分获,15002,分别获得,7481,2.005346878759524
切宫,14,切除子宫,96,0.14583333333333334
刑侦,5349,刑事侦查,673,7.947994056463596
刑庭,1042,刑事法庭,2144,0.48600746268656714
刑拘,3049,刑事拘留,7399,0.4120827138802541
刑案,2414,刑事案件,10466,0.2306516338620294
刑辩,177,刑事辩护,227,0.7797356828193832
刑释,199,刑满释放,1063,0.187206020696143
创演,145,创作和演出,181,0.8011049723756906
创议,78,创新建议,18,4.333333333333333
初小,217,初级小学,29,7.482758620689655
初教,417,初等教育,585,0.7128205128205128
判监,1753,判处监禁,220,7.968181818181818
利废,171,利用废物,25,6.84
制播,488,制作和播出,78,6.256410256410256
制程,902,制造过程,446,2.022421524663677
前指,4080,前线指挥部,1034,3.9458413926499034
剑校,35,击剑学校,12,2.9166666666666665
剖验,159,解剖检验,111,1.4324324324324325
剧评,267,戏剧评论,118,2.26271186440678
办展,1292,举办展览,841,1.536266349583829
加姐,17,加拿大小姐,36,0.4722222222222222
加幅,656,增加幅度,703,0.9331436699857752
加航,1326,加拿大航空公司,222,5.972972972972973
劣品,45,劣质商品,146,0.3082191780821918
动检,1350,动物检疫,409,3.3007334963325183
动源,172,动力源,1047,0.1642788920725883
助查,1099,协助调查,1920,0.5723958333333333
助研,595,助理研究员,499,1.192384769539078
助编,77,助理编辑,57,1.350877192982456
劳保,1001,劳动保护,1329,0.7531978931527464
劳卫,17,劳动卫生,82,0.2073170731707317
劳大,81,全国劳动大会,49,1.653061224489796
劳技,71,劳动和技术,12,5.916666666666667
劳改,1147,劳动改造,312,3.676282051282051
劳教,4198,劳动教养,1168,3.594178082191781
劳服,164,劳动服务,546,0.30036630036630035
劳模,7821,劳动模范,6492,1.204713493530499
劳联,119,劳工联合会,66,1.803030303030303
劳防,27,劳动防护,172,0.1569767441860465
勒赎,179,勒索赎金,219,0.817351598173516
包商,880,承包商,4403,0.199863729275494
化奥,282,化学奥林匹克竞赛,63,4.476190476190476
化废,100,化学废物,29,3.4482758620689653
化救,247,化学事故应急救援,34,7.264705882352941
化武,2029,化学武器,5723,0.35453433513891314
化脑,16,化脓性脑膜炎,13,1.2307692307692308
北体,840,北京体育大学,1607,0.522713130056005
北大,47021,北京大学,29352,1.60196920141728
北展,486,北京展览馆,812,0.5985221674876847
北影,299,北京电影制片厂,180,1.6611111111111112
北昆,121,北方昆曲,134,0.9029850746268656
北视,54,北京电视艺术中心,64,0.84375
北邮,196,北京邮电大学,813,0.24108241082410825
区府,140,市辖区人民政府,51,2.7450980392156863
医助,66,医生助理,36,1.8333333333333333
医协,142,医学协会,294,0.48299319727891155
医大,1399,医科大学,5947,0.23524466117370105
医工,434,医务工作者,2146,0.2022367194780988
医技,494,医疗技术,2214,0.2231255645889792
医界,962,医疗界,491,1.959266802443992
医研,1098,医学研究,4654,0.23592608508809623
十届,17942,第十届,11300,1.587787610619469
协处,181,协助处理,685,0.26423357664233577
协寻,214,协助寻找,175,1.2228571428571429
协拍,34,协助拍摄,53,0.6415094339622641
南侨,482,南洋华侨,125,3.856
南大,22259,南京大学,4658,4.778660369257192
南师,3445,南京师范大学,923,3.732394366197183
南艺,658,南京艺术学院,268,2.455223880597015
南队,8175,南斯拉夫队,2154,3.795264623955432
博协,233,博物馆协会,384,0.6067708333333334
博导,1515,博士生导师,3889,0.3895602982771921
卫技,119,卫生技术,1010,0.11782178217821782
卫校,393,卫生学校,310,1.267741935483871
卫片,455,卫星照片,617,0.7374392220421394
印尼,95758,印度尼西亚,26619,3.5973552725496827
印报,236,印度报纸,91,2.5934065934065935
厂校,83,工厂和学校,20,4.15
厦大,1330,厦门大学,4234,0.3141237600377893
厨卫,420,厨房卫生,60,7
去今,99,去年今年,14,7.071428571428571
县干,871,县级干部,529,1.6465028355387523
县府,1818,县人民政府,2610,0.696551724137931
参会,10784,参加会议,7431,1.4512178710806083
参拍,221,参加拍摄,87,2.5402298850574714
参游,42,参加旅游,206,0.20388349514563103
参演,8345,参加演出,1355,6.158671586715867
参编,104,参加编写,49,2.122448979591837
参训,2632,参加训练,1436,1.8328690807799444
参访,7447,参观访问,3777,1.9716706380725444
参试,586,参加试验,166,3.5301204819277108
参赌,1058,参加赌博,110,9.61818181818182
参院,7463,参议院,33239,0.22452540690153133
友协,5547,友好协会,7222,0.7680697867626696
反和,285,反对和平,154,1.8506493506493509
反帝,1153,反对帝国主义,345,3.3420289855072465
反战,5580,反对战争,736,7.581521739130435
反殖,263,反对殖民主义,100,2.63
发股,2580,发行股票,4161,0.6200432588320115
受托,2369,接受委托,499,4.74749498997996
受教,10430,接受教育,2959,3.5248394727948633
受阅,3383,接受检阅,715,4.731468531468532
叙军,495,叙利亚军队,446,1.109865470852018
古史,764,古代历史,302,2.5298013245033113
台企,3748,台湾企业,3479,1.0773210692727797
台大,10687,台湾大学,3329,3.2102733553619704
台客,729,台湾旅客,700,1.0414285714285714
台市,5678,台湾股市,878,6.466970387243736
台生,2273,台湾学生,2990,0.7602006688963211
台胞,18365,台湾同胞,24436,0.7515550826649207
史展,469,历史展览,92,5.0978260869565215
史著,188,历史著作,119,1.5798319327731092
司助,147,司法救助,700,0.21
司干,487,司局级干部,320,1.521875
司训,144,司机训练,40,3.6
吉化,820,吉林化学工业公司,115,7.130434782608695
吉大,1331,吉林大学,2278,0.5842844600526778
名址,90,姓名和地址,183,0.4918032786885246
名导,1737,著名导演,2086,0.8326941514860978
吐纳,124,吐故纳新,190,0.6526315789473685
吧女,125,酒吧女郎,29,4.310344827586207
启导,38,启发引导,35,1.0857142857142856
呼市,782,呼和浩特市,4471,0.17490494296577946
和约,9270,和平条约,1712,5.414719626168225
和谈,32254,和平谈判,5597,5.762730033946757
品改,451,品种改良,549,0.8214936247723132
哥大,8035,哥伦比亚大学,2743,2.9292745169522423
唐院,22,唐山铁道学院,11,2
商台,201,商业电台,129,1.558139534883721
商展,941,商品展览,490,1.920408163265306
商服,646,商业服务业,421,1.5344418052256532
商检,1867,商品检验,731,2.5540355677154585
商流,453,商品流通,1758,0.257679180887372
商经,1050,商业经济,410,2.5609756097560976
商誉,620,商业信誉,453,1.3686534216335542
商贷,678,商业贷款,1928,0.3516597510373444
商运,216,商业运输,90,2.4
商银,18041,商业银行,46893,0.384726931524961
善信,1583,善男信女,250,6.332
困斗,56,困兽犹斗,66,0.8484848484848485
围殴,756,围攻殴打,95,7.957894736842105
国企,45661,国有企业,53735,0.8497441146366428
国列,878,国际旅客列车,109,8.055045871559633
国基,7107,国家基础,943,7.536585365853658
国控,1063,国家控制,572,1.8583916083916083
国标,3031,国家标准,9732,0.3114467735306206
国补,132,国家补贴,796,0.1658291457286432
国贸,13175,国际贸易,20121,0.6547885293971473
国银,9238,国际清算银行,930,9.933333333333334
图博,454,图书馆和博物馆,50,9.08
土军,1349,土耳其军队,917,1.471101417666303
土改,1240,土地改革,1329,0.9330323551542512
地价,17358,土地价格,1921,9.03591879229568
地勘,2391,地质勘查,1636,1.4614914425427872
地埋,581,地下埋藏,128,4.5390625
地学,10757,地球科学,1214,8.860790774299835
地矿,2228,地质矿产,1021,2.182174338883448
坚拒,213,坚持拒绝,170,1.2529411764705882
垒协,81,垒球协会,158,0.5126582278481012
城工,3433,城市工作,1077,3.1875580315691736
城巴,495,城市巴士,797,0.6210790464240903
城建,9644,城市建设,13699,0.7039929921892109
城改,2949,城市改造,670,4.401492537313433
城管,16711,城市管理,6276,2.6626832377310388
城郊,3641,城市郊区,629,5.788553259141494
城雕,224,城市雕塑,664,0.3373493975903614
基干,613,基层骨干,81,7.567901234567901
基建,12402,基本建设,8248,1.5036372453928224
基材,154,基本材料,84,1.8333333333333333
基训,18,基本训练,166,0.10843373493975904
塑编,43,塑料编织,151,0.2847682119205298
增幅,59697,增长幅度,8427,7.084015663937344
增干,32,增加干部,55,0.5818181818181818
增招,149,增加招生,83,1.7951807228915662
增支,1054,增加支出,466,2.2618025751072963
增收,27263,增加收入,3521,7.74297074694689
增税,1730,增加税收,1254,1.379585326953748
增编,161,增加编制,182,0.8846153846153846
增速,57194,增长速度,25417,2.250226226541291
增销,446,增加销售,282,1.5815602836879432
墨市,491,墨西哥市,566,0.8674911660777385
壁饰,40,墙壁装饰,12,3.3333333333333335
声画,52,声音和画面,24,2.1666666666666665
复交,2441,恢复外交关系,803,3.0398505603985058
复健,589,恢复健康,1289,0.4569433669511249
复关,1656,恢复关贸总协定缔约国地位,174,9.517241379310343
夏训,494,夏季训练,80,6.175
外事,18176,外交事务,2776,6.547550432276657
外军,5250,外国军队,3534,1.4855687606112054
外宣,6109,对外宣传,2132,2.8653846153846154
外次,18,外交部次官,55,0.32727272727272727
外烟,132,外国香烟,24,5.5
外片,62,外国影片,123,0.5040650406504065
外秘,205,外交秘书,693,0.2958152958152958
外空,2803,外层空间,1036,2.7055984555984556
外经,8060,对外经济,4613,1.747236071970518
外航,2724,外国航空公司,386,7.05699481865285
外贸,48993,对外贸易,17547,2.792101213882715
外销,6238,对外销售,1206,5.172470978441128
外院,402,外国语学院,908,0.4427312775330397
外需,7205,外部需求,1459,4.938313913639479
多经,5992,多种经营,5077,1.1802245420523931
大本,7798,大学本科,2526,3.0870942201108473
大核,1338,大亚湾核电站,1055,1.2682464454976303
大龄,1600,大年龄,233,6.866952789699571
太钢,995,太原钢铁公司,126,7.896825396825397
央航,42,中央航空公司,22,1.9090909090909092
央行,89085,中央银行,20847,4.273276730464815
失忆,426,失去记忆,63,6.761904761904762
奥体,3203,奥林匹克体育,2589,1.2371572035534957
奥校,104,奥林匹克学校,43,2.4186046511627906
女中,3469,女子中学,470,7.3808510638297875
女举,842,女子举重,2989,0.2816995650719304
女乒,1773,女子乒乓球队,230,7.708695652173913
女单,24024,女子单打,3417,7.0307287093942055
女双,13298,女子双打,1993,6.672353236327145
女台,215,女子跳台跳水,240,0.8958333333333334
女团,6274,女子团体,2939,2.134739707383464
女垒,1652,女子垒球,766,2.156657963446475
女师,102,女子师范学校,48,2.125
女曲,2583,女子曲棍球队,496,5.207661290322581
女板,91,女子跳板跳水,76,1.1973684210526316
女柔,406,女子柔道,1854,0.2189859762675297
女校,745,女子学校,273,2.728937728937729
女泳,171,女子游泳,435,0.3931034482758621
女监,171,女子监狱,474,0.36075949367088606
女花,810,女子花剑,1142,0.7092819614711033
女超,310,女子超级,140,2.2142857142857144
女足,31983,女子足球,3660,8.738524590163934
妇委,100,妇女委员,71,1.408450704225352
妇检,108,妇科检查,198,0.5454545454545454
委办,2607,委员会办公室,1631,1.598405885959534
委培,325,委托培养,318,1.0220125786163523
委管,603,委托管理,335,1.8
婉拒,2503,婉言拒绝,291,8.601374570446735
婚龄,470,结婚年龄,444,1.0585585585585586
嫌犯,23248,嫌疑犯,4047,5.744502100321226
孔教,428,孔子教育,114,3.754385964912281
季检,84,季度检查,18,4.666666666666667
学优,788,学习成绩优异,207,3.8067632850241546
学具,444,学习用具,287,1.5470383275261324
学联,6030,学生联合会,750,8.04
学运,1497,学生运动,1881,0.79585326953748
学额,470,学生名额,94,5
守疆,31,守卫边疆,23,1.3478260869565215
安保,29324,安全保卫,6144,4.772786458333333
安控,206,安全控制,870,0.2367816091954023
安检,13559,安全检查,6289,2.155986643345524
安盟,5800,争取安哥拉彻底独立全国联盟,956,6.066945606694561
安钢,391,安阳钢铁公司,45,8.688888888888888
宋瓷,76,宋代瓷器,30,2.533333333333333
完中,633,完全中学,123,5.146341463414634
完封,99,完全封锁,140,0.7071428571428572
完小,941,完全小学,335,2.808955223880597
官校,421,军官学校,436,0.9655963302752294
定存,2893,定期存款,3374,0.8574392412566686
实小,612,实验小学,1871,0.3270978086584714
实操,526,实际操作,3637,0.14462469067913114
实效,17912,实际效果,2363,7.580194667795175
审执,96,审理执行,11,8.727272727272727
审期,482,审理期限,181,2.6629834254143647
审案,1591,审理案件,737,2.1587516960651287
客量,4217,客流量,6983,0.6038951739939854
宣导,809,宣传引导,418,1.9354066985645932
宣教,1734,宣传教育,12027,0.14417560488899975
宪草,84,中华人民共和国宪法草案,15,5.6
宪警,67,宪兵和警察,90,0.7444444444444445
家教,11426,家庭教育,3658,3.1235647895024603
家服,3008,家庭服务,1322,2.275340393343419
家财,13395,家庭财产,1779,7.529510961214165
密报,475,秘密报告,274,1.7335766423357664
寸照,73,一寸照片,31,2.3548387096774195
射联,94,射击联合会,101,0.9306930693069309
射距,83,射击距离,54,1.537037037037037
小巴,1545,小型巴士,166,9.30722891566265
少体,555,少年体育,848,0.65448113207547165
少足,371,少年足球,2507,0.14798564020741922
尤杯,880,尤伯杯,1276,0.6896551724137931
尸表,87,尸体表面,15,5.8
尸解,44,尸体解剖,415,0.10602409638554217
尼共,1369,尼泊尔共产党,834,1.6414868105515588
尼大,1602,尼赫鲁大学,166,9.650602409638552
尿感,44,尿路感染,197,0.2233502538071066
尿检,1333,尿样检查,178,7.48876404494382
局地,5357,局部地区,10720,0.4997201492537313
局麻,39,局部麻醉,156,0.25
届退,101,届龄退休,29,3.4827586206896552
展馆,12232,展览馆,4116,2.9718172983479105
岗培,749,岗位培训,1149,0.6518711923411662
岸炮,79,海岸炮,326,0.24233128834355827
崇美,61,推崇美国,13,4.6923076923076925
川大,16081,四川大学,3143,5.1164492523067135
川府,19,四川政府,33,0.5757575757575758
川航,739,四川航空公司,281,2.6298932384341636
巡展,2996,巡回展出,729,4.109739368998628
巡讲,843,巡回演讲,383,2.2010443864229763
工产,2660,工业生产,12368,0.21507115135834412
工企,11157,工业企业,15206,0.7337235301854531
工体,1897,北京工人体育场,545,3.4807339449541286
工厦,83,工业大厦,140,0.5928571428571429
工大,18765,工业大学,5070,3.701183431952663
工属,62,职工家属,469,0.13219616204690832
工总,3338,工业总会,1380,2.418840579710145
工改,412,工资制度改革,338,1.2189349112426036
工效,820,工作效率,4420,0.18552036199095023
工时,6836,工作时间,6925,0.9871480144404332
工疗,83,工人疗养院,59,1.4067796610169492
工纠,71,工人纠察,42,1.6904761904761905
工经,2094,工业经济,5293,0.3956168524466277
工美,439,工艺美术品,448,0.9799107142857144
工装,977,工艺装备,264,3.700757575757576
工调,509,工资调整,325,1.5661538461538462
巨资,8475,巨额资金,2266,3.740070609002648
巴盟,143,内蒙古自治区巴彦淖尔盟,34,4.205882352941177
巴航,178,巴基斯坦航空公司,24,7.416666666666667
市况,1425,市场状况,1366,1.0431918008784773
市办,684,市委办公室,274,2.4963503649635035
市务,389,市场业务,661,0.5885022692889561
市宫,13,市工人文化宫,125,0.104
市经,14455,市场经济,74198,0.1948165718752527
市队,1169,市代表队,323,3.619195046439629
师专,1621,师范专科学校,163,9.94478527607362
师友,247,老师和朋友,33,7.484848484848484
师培,3142,师资培训,860,3.6534883720930234
师大,5265,师范大学,8174,0.6441154881331049
师院,431,师范学院,2608,0.165260736196319
帮理,15,帮助料理,52,0.28846153846153844
帮贫,202,帮助贫困户,147,1.3741496598639455
干教,1826,干部教育,3702,0.4932468935710427
干管,394,干线管道,74,5.324324324324325
平叛,473,平息叛乱,260,1.8192307692307692
平摊,482,平均分摊,67,7.1940298507462686
幼专,20,幼儿师范专科学校,13,1.5384615384615383
幼托,196,幼儿入托,47,4.170212765957447
广协,300,广告协会,395,0.759493670886076
广府,329,广州政府,81,4.061728395061729
广涉,45,广泛涉及,107,0.4205607476635514
应化,236,应用化学,242,0.975206611570248
庭期,430,开庭日期,114,3.771929824561404
建协,317,建筑协会,134,2.3656716417910446
建商,3566,建筑商,1595,2.235736677115987
建外,1088,建国门外,139,7.827338129496403
建工,25627,建筑工程,5368,4.77403129657228
建施,314,建设实施,781,0.4020486555697823
建材,19388,建筑材料,4870,3.9811088295687886
建照,61,建筑执照,26,2.3461538461538463
建管,737,建筑管理,147,5.01360544217687
建署,18,香港建筑署,19,0.9473684210526316
建陶,180,建筑陶瓷,272,0.6617647058823529
开行,10039,开发银行,3748,2.6784951974386337
引智,1699,引进国外智力,603,2.8175787728026536
引资,16443,引进资金,1788,9.196308724832214
强迁,75,强制迁移,12,6.25
强震,5108,强烈地震,7518,0.6794360202181431
录干,40,录用干部,39,1.0256410256410255
彩印,581,彩色印刷,184,3.157608695652174
彩卷,85,彩色胶卷,94,0.9042553191489362
彩影,49,彩色摄影,84,0.5833333333333334
彩报,169,彩色报纸,28,6.035714285714286
彩照,812,彩色照片,600,1.3533333333333333
彩超,369,彩色B超,52,7.096153846153846
影业,1317,电影业,2148,0.6131284916201117
影圈,76,电影圈,258,0.29457364341085274
影带,921,录影带,2225,0.4139325842696629
影技,544,摄影技术,192,2.8333333333333335
影星,4360,电影明星,750,5.8133333333333335
影本,390,电影剧本,502,0.7768924302788844
影评,1909,电影评论,233,8.193133047210301
影赛,66,摄影比赛,635,0.10393700787401576
影馆,42,电影馆,63,0.6666666666666666
征期,162,征收期,83,1.9518072289156627
律协,1035,律师协会,1980,0.5227272727272727
律考,141,律师考试,30,4.7
心搏,64,心脏搏动,25,2.56
心梗,346,心肌梗塞,1644,0.2104622871046229
心防,544,心理防线,489,1.112474437627812
总台,655,总服务台,107,6.121495327102804
息率,1224,利息率,165,7.418181818181818
意航,407,意大利航空公司,150,2.713333333333334
慢萎,17,慢性萎缩性胃炎,50,0.34
戏研,241,戏剧研究,107,2.2523364485981308
成府,121,成都政府,26,4.653846153846154
成教,2197,成人教育,2312,0.9502595155709342
成棒,31,成人棒球,11,2.8181818181818183
成飞,1206,成都飞机,279,4.32258064516129
战训,1331,战备训练,872,1.526376146788991
户政,1326,户籍政策,234,5.666666666666667
房津,86,房屋津贴,79,1.0886075949367089
手协,892,手球协会,195,4.574358974358974
手拖,188,手扶拖拉机,708,0.2655367231638418
打私,661,打击走私活动,199,3.321608040201005
打防,991,打击和防范,148,6.695945945945946
执纪,1424,执行纪律,346,4.115606936416185
扩招,2935,扩大招生,378,7.764550264550264
扩校,19,扩大学校,162,0.11728395061728394
扩灌,83,扩大灌溉面积,213,0.38967136150234744
扩红,22,扩大红军,40,0.55
扩销,84,扩大销售,479,0.17536534446764093
扫盲,3984,扫除文盲,495,8.048484848484849
扬大,739,扬州大学,352,2.0994318181818183
扶残,722,扶助残疾人,98,7.36734693877551
批价,783,批发价格,3695,0.2119079837618403
批供,157,批量供应,30,5.233333333333333
批建,934,批准建设,674,1.3857566765578635
批捕,3428,批准逮捕,3461,0.9904651834729848
技协,437,技术协会,882,0.4954648526077097
技改,8019,技术改造,18191,0.44082238469572865
技校,2019,技工学校,1641,1.230347349177331
技联,62,技巧联合会,36,1.7222222222222223
投建,575,投资建设,4748,0.12110362257792756
投运,1086,投入运行,3055,0.35548281505728313
抗战,15754,抗日战争,13088,1.20369804400978
抗改,15,抗拒改造,11,1.3636363636363635
抛股,75,抛售股票,643,0.1166407465007776
护产,511,保护财产,112,4.5625
护校,621,护士学校,108,5.75
护鸟,331,保护鸟类,476,0.6953781512605042
报备,1262,申报备案,127,9.937007874015748
抬价,2333,抬高价格,295,7.908474576271186
抽佣,72,抽取佣金,39,1.8461538461538465
拉美,40920,拉丁美洲,8245,4.963007883565798
拒付,745,拒绝支付,292,2.5513698630136985
拒批,90,拒绝批准,453,0.1986754966887417
拒收,1976,拒绝接收,260,7.6
拖厂,59,拖拉机制造厂,34,1.7352941176470589
拘审,27,拘留审查,192,0.140625
招委,119,招生委员会,294,0.4047619047619048
招干,92,招聘干部,34,2.7058823529411766
招教,79,招聘教师,181,0.4364640883977901
招选,104,招聘选拔,26,4
招飞,614,招收飞行学员,69,8.898550724637682
拥吻,274,拥抱和亲吻,55,4.9818181818181815
拥塞,275,拥挤堵塞,42,6.5476190476190474
拳协,276,拳击协会,583,0.4734133790737564
拳总,31,拳击总会,23,1.3478260869565215
拳赛,439,拳击比赛,1185,0.37046413502109704
损农,293,损害农民利益,431,0.679814385150812
损减,133,损失减少,874,0.15217391304347827
换俘,138,交换俘虏,160,0.8625
掌珠,97,掌上明珠,365,0.26575342465753427
掌理,55,掌握管理,68,0.8088235294117647
排协,1022,排球协会,477,2.142557651991614
排管,810,排水管道,309,2.621359223300971
排联,279,排球联合会,72,3.875
探子,88,探望儿子,71,1.2394366197183098
探空,442,探测太空,55,8.036363636363637
控亏,46,控制亏损,11,4.181818181818182
控会,94,控制会议,84,1.119047619047619
控区,504,控制区,3561,0.14153327716933445
控检,53,控制检查,14,3.7857142857142856
控污,84,控制污染,452,0.18584070796460175
控温,220,控制温度,75,2.933333333333333
控申,230,控告申诉,306,0.7516339869281046
控购,109,控制购买,13,8.384615384615385
推普,226,推广普通话,838,0.26968973747016706
握别,105,握手告别,183,0.5737704918032787
援藏,4659,支援西藏,953,4.8887722980062955
搜毒,51,搜查毒品,21,2.4285714285714284
搜证,1205,搜集证据,440,2.738636363636364
携械,20,携带枪械,30,0.6666666666666666
摄协,393,摄影家协会,1084,0.3625461254612546
摘金,2060,摘取金牌,479,4.30062630480167
摩协,84,摩托车协会,68,1.2352941176470589
摩步,1699,摩托化步兵,501,3.3912175648702596
摩联,92,摩托车联合会,33,2.787878787878788
摩配,39,摩托车配件,115,0.3391304347826087
擅设,29,擅自设置,103,0.2815533980582524
支乡,60,支援家乡,55,1.0909090909090908
支书,6598,支部书记,2460,2.6821138211382114
支扩,100,支气管扩张,70,1.4285714285714286
支现,336,支取现金,82,4.097560975609756
支边,707,支援边疆,75,9.426666666666666
支铁,198,支援铁路建设,50,3.96
收审,384,收容审查,129,2.9767441860465116
收教,236,收容教育,302,0.7814569536423841
收证,273,收集证据,445,0.6134831460674157
改危,16,改造危房,99,0.16161616161616163
放私,133,放纵走私,49,2.7142857142857144
放贷,8134,发放贷款,3292,2.470838396111786
政争,1031,政治斗争,1605,0.6423676012461059
政团,2619,政治团体,1075,2.436279069767442
政圈,69,政治圈子,11,6.2727272727272725
政工,11304,思想政治工作,10598,1.066616342706171
政技,114,政治和技术,38,3
政指,910,政治指导员,718,1.267409470752089
政改,5015,政治体制改革,4201,1.1937633896691264
政校,198,政治学校,165,1.2
政训,46,政治训练,27,1.7037037037037035
政院,18278,政治学院,2063,8.859912748424625
效颦,21,东施效颦,106,0.19811320754716985
救孤,391,救助孤儿,60,6.516666666666667
教办,201,教育办公室,360,0.5583333333333333
教卫,173,教育和卫生,471,0.3673036093418259
教参,109,教学参考资料,24,4.541666666666667
教德,105,教师职业道德,369,0.2845528455284553
教文,4391,教育和文化,879,4.995449374288965
教研,6873,教学研究,907,7.577728776185226
教院,446,教育学院,2802,0.15917201998572447
数显,1309,数字显示,10570,0.123841059602649
整党,300,整顿党风,43,6.976744186046512
整纪,185,整顿纪律,47,3.9361702127659575
文保,2220,文物保护,17680,0.1255656108597285
文娱,2072,文化娱乐,4127,0.5020596074630482
文摘,2285,文章摘要,510,4.480392156862745
文改,230,文字改革,210,1.0952380952380951
文教,16782,文化教育,6642,2.5266485998193313
文班,385,文科班,105,3.6666666666666665
料耗,117,材料消耗,261,0.4482758620689655
断交,2456,断绝外交关系,409,6.004889975550122
新例,254,新条例,1591,0.1596480201131364
新协,2715,新闻工作者协会,1139,2.383669885864794
新地,5482,新鸿基地产,750,7.309333333333333
新航,7890,新加坡航空公司,927,8.511326860841423
方尺,334,平方英尺,1560,0.2141025641025641
施压,13017,施加压力,6060,2.148019801980198
施才,320,施展才能,327,0.9785932721712538
施袭,238,实施袭击,441,0.5396825396825397
旅专,92,旅游专科学校,13,7.076923076923077
旅团,1928,旅行团,5648,0.3413597733711048
旅展,635,旅游展览,198,3.207070707070707
无照,2455,无牌照,249,9.859437751004016
日俘,27,日本战俘,70,0.3857142857142858
日皇,636,日本天皇,983,0.646998982706002
日航,2609,日本航空公司,666,3.9174174174174174
日贷,62,日本贷款,23,2.6956521739130435
日铁,1026,日本铁路,127,8.078740157480315
日银,2098,日本银行,2695,0.7784786641929499
早教,1240,早期教育,557,2.2262118491921004
时控,1187,时间控制,311,3.8167202572347265
时流,1290,时代潮流,2661,0.48478015783540024
时空,8376,时间和空间,940,8.91063829787234
时评,4563,时事评论,659,6.924127465857359
时限,8393,时间限制,1007,8.334657398212512
昆腔,48,昆山腔,26,1.8461538461538465
星战,365,星球大战,636,0.5738993710691824
星箭,370,卫星和火箭,62,5.967741935483871
春招,614,春季招生,70,8.771428571428572
春管,362,春季田间管理,129,2.806201550387597
春考,119,春季考试,16,7.4375
显外,207,显微外科,292,0.708904109589041
显效,2420,显著效果,871,2.77841561423651
晤商,56,会晤协商,16,3.5
普中,494,普通中学,746,0.6621983914209115
普九,954,普及九年制义务教育,194,4.917525773195877
普六,89,普及六年制义务教育,24,3.7083333333333335
普内,84,普通内科,13,6.461538461538462
普初,32,普通初中,151,0.2119205298013245
普客,73,普通旅客列车,169,0.4319526627218935
普工,785,普通工人,1787,0.4392837157246782
普教,428,普通教育,520,0.823076923076923
普种,19,普遍接种,26,0.7307692307692307
普获,95,普遍获得,135,0.7037037037037037
普训,67,普及培训,59,1.1355932203389831
普高,418,普通高级中学,44,9.5
景瓷,34,景德镇瓷器,125,0.272
智残,304,智力残疾,439,0.6924829157175398
暨大,1042,暨南大学,2187,0.4764517604023777
曲联,286,曲棍球联合会,48,5.958333333333333
月入,4586,每月收入,1002,4.57684630738523
月均,3703,每月平均,650,5.696923076923077
朝军,802,朝鲜军队,494,1.6234817813765183
期市,4411,期货市场,8884,0.4965105808194507
机修,817,机械修理,105,7.780952380952381
机校,21,机械学校,36,0.5833333333333334
机译,40,机器翻译,139,0.28776978417266186
机院,27,机械学院,227,0.11894273127753303
村企,1071,村办企业,1163,0.9208942390369732
村助,42,村长助理,37,1.135135135135135
村委,16018,村民委员会,3327,4.814547640516983
杜诗,138,杜甫的诗,50,2.76
杞忧,27,杞人之忧,26,1.0384615384615383
杭大,1058,杭州大学,352,3.0056818181818183
林型,151,森林类型,31,4.870967741935484
林大,6839,林业大学,1086,6.297421731123388
林校,241,林业学校,31,7.774193548387097
林院,393,林学院,514,0.7645914396887159
枪匪,109,持枪匪徒,81,1.345679012345679
标售,529,标价出售,55,9.61818181818182
标样,54,标准样品,32,1.6875
标煤,842,标准煤,3511,0.23981771575049843
校建,1901,学校建设,1445,1.315570934256055
校护,41,学校护士,13,3.1538461538461537
校纪,320,学校纪律,35,9.142857142857142
桥联,355,桥牌联合会,128,2.7734375
检法,183,检察院和法院,83,2.2048192771084336
棉产,231,棉花生产,1773,0.13028764805414553
棉办,17,棉花办公室,11,1.5454545454545454
棉检,46,棉花检验,35,1.3142857142857145
棉站,51,棉花收购站,54,0.9444444444444444
棉织,283,棉纺织,809,0.34981458590852904
棒协,76,棒球协会,235,0.32340425531914896
棒喝,123,当头棒喝,303,0.405940594059406
森工,1353,森林工业,312,4.336538461538462
森警,714,森林警察,185,3.859459459459459
森防,211,森林防护,57,3.701754385964912
植保,1456,植物保护,736,1.9782608695652173
植化,12,植物化学,92,0.13043478260869565
植检,116,植物检疫,630,0.18412698412698417
植棉,928,种植棉花,255,3.6392156862745098
楼按,266,楼宇按揭,142,1.8732394366197185
横联,69,横向联合,542,0.12730627306273062
欧币,88,欧洲国家货币,13,6.769230769230769
欧市,547,欧洲市场,3506,0.1560182544209926
欧行,133,欧洲之行,1020,0.1303921568627451
欧陆,767,欧洲大陆,2505,0.306187624750499
欧鳗,17,欧洲鳗,16,1.0625
正选,2542,正式选举,466,5.454935622317596
步校,88,步兵学校,160,0.55
步炮,30,步兵和炮兵,20,1.5
武协,518,武术协会,1204,0.43023255813953487
武大,5578,武汉大学,5704,0.9779102384291724
武委,106,武术委员会,22,4.818181818181818
武星,70,武打明星,67,1.044776119402985
武联,617,武术联合会,380,1.6236842105263158
残协,50,残疾人体育协会,115,0.43478260869565216
残部,248,残余部队,65,3.815384615384616
毛著,54,毛泽东著作,271,0.1992619926199262
毛选,227,毛泽东选集,645,0.351937984496124
民乐,3486,民族音乐,2103,1.6576319543509273
民促,190,民主促进会,558,0.34050179211469533
民初,759,民国初年,346,2.19364161849711
民委,1787,民族事务委员会,250,7.148
民庭,150,民事法庭,364,0.41208791208791207
民改,2468,民主改革,6974,0.3538858617722971
民曲,103,民间乐曲,64,1.609375
民诉,522,民事诉讼,4994,0.10452543051661994
民谚,295,民间谚语,53,5.566037735849057
民贸,216,民族贸易,206,1.0485436893203883
民院,1539,民族学院,1426,1.079242636746143
氧割,12,氧气切割,14,0.8571428571428571
水保,2197,水土保持,5922,0.37098953056399864
水运,6143,水路运输,925,6.641081081081081
汉译,374,汉语翻译,74,5.054054054054054
汤杯,735,汤姆斯杯,1317,0.5580865603644647
汽摩,385,汽车摩托车,1183,0.3254437869822485
汽渡,140,汽车轮渡,57,2.456140350877193
汽贸,212,汽车贸易公司,76,2.789473684210526
汽配,1023,汽车配件,1607,0.6365899191039204
沈后,21,沈阳军区后勤部,40,0.525
沈大,767,沈阳大学,126,6.087301587301587
沈铁,408,沈阳铁路局,825,0.49454545454545457
沙俄,342,沙皇俄国,85,4.023529411764706
沪办,47,驻沪办事处,46,1.0217391304347827
河界,60,楚河汉界,160,0.375
油国,4860,石油出口国,907,5.35832414553473
油市,7709,石油市场,4095,1.8825396825396823
油建,119,油田建设,143,0.8321678321678322
治保,2536,治安保卫,406,6.246305418719212
治则,166,治疗原则,151,1.099337748344371
治太,342,治理太湖,299,1.1438127090301002
治整,78,治理和整顿,113,0.6902654867256637
治污,4217,治理污染,900,4.685555555555555
治淮,1645,治理淮河,327,5.030581039755352
治贪,161,惩治贪污,322,0.5
治黄,542,治理黄河,290,1.8689655172413793
泌乳,120,分泌乳汁,26,4.615384615384615
波幅,1508,波动幅度,1342,1.1236959761549925
泳协,385,游泳协会,1132,0.3401060070671378
泳手,300,游泳选手,1743,0.1721170395869191
泳技,135,游泳技术,75,1.8
泳联,149,游泳联合会,235,0.6340425531914894
津城,3372,天津城,411,8.204379562043796
津沽,75,天津塘沽,254,0.2952755905511811
津百,153,天津百货,52,2.9423076923076925
派红,192,派发红利,190,1.0105263157894735
流脑,638,流行性脑脊髓膜炎,127,5.0236220472440944
流资,762,流动资金,6652,0.11455201443174984
济铁,946,济南铁路局,517,1.8297872340425532
浙大,2099,浙江大学,5742,0.3655520724486242
浙昆,18,浙江昆剧团,71,0.2535211267605634
海俱,173,海员俱乐部,28,6.178571428571429
海司,156,海军司令部,558,0.27956989247311825
海校,253,海军学校,142,1.7816901408450705
海模,253,航海模型,500,0.506
海测,276,海洋测量,55,5.0181818181818185
海科,1957,海洋科学,953,2.0535152151101785
海练,50,海上训练,253,0.1976284584980237
海缆,949,海底电缆,563,1.6856127886323269
海货,138,上海货,159,0.8679245283018868
海院,98,航海学院,30,3.2666666666666666
消大,434,消防大队,1341,0.32363907531692765
消总,264,消防总队,1902,0.138801261829653
消联,278,消费者联合会,49,5.673469387755102
涉政,245,涉及政治,1056,0.23200757575757577
涉老,124,涉及老年人,27,4.592592592592593
深大,1067,深圳大学,1141,0.9351446099912356
深弹,49,深水炸弹,149,0.3288590604026846
深房,472,深圳住房,52,9.076923076923077
清债,242,清理债务,73,3.315068493150685
清大,696,台湾清华大学,218,3.1926605504587156
清档,45,清理档案,11,4.090909090909091
清财,79,清理财产,12,6.583333333333333
渔技,17,渔业技术,55,0.3090909090909091
渔捞,42,渔业捕捞,163,0.25766871165644173
温控,439,温度控制,342,1.283625730994152
港人,20283,香港人,12348,1.6426141885325558
港大,11252,香港大学,5649,1.991856965834661
港姐,733,香港小姐,311,2.356913183279743
港客,1113,香港客商,152,7.322368421052632
港岛,2942,香港岛,421,6.98812351543943
港府,9097,香港政府,2412,3.7715588723051408
港报,1538,香港报纸,372,4.134408602150538
港片,304,香港影片,128,2.375
港监,600,港务监督,90,6.666666666666667
港股,16313,香港股市,5433,3.0025768452052275
港警,4453,香港警察,507,8.783037475345168
游将,1120,游泳健将,169,6.627218934911243
湿控,18,湿度控制,59,0.3050847457627119
滞港,309,滞留香港,53,5.830188679245283
滥权,743,滥用职权,6310,0.11774960380348654
演词,53,演说词,43,1.2325581395348837
潜亏,295,潜在亏损,42,7.023809523809524
澳姐,46,澳门小姐,153,0.3006535947712418
激辩,895,激烈争辩,149,6.006711409395973
炮团,1258,炮兵团,1670,0.7532934131736527
炮指,105,炮兵指挥部,28,3.75
炮校,53,炮兵学校,101,0.5247524752475248
烈属,1490,烈士家属,344,4.3313953488372094
热作,339,热带作物,388,0.8737113402061856
热工,424,热能工程,53,8
煤科,37,煤炭科学,102,0.3627450980392157
煤质,420,煤炭质量,88,4.7727272727272725
燕大,130,燕京大学,470,0.2765957446808511
版协,137,出版协会,72,1.9027777777777777
牌告,126,挂牌公告,125,1.008
牙防,1137,牙病防治,129,8.813953488372093
物探,889,地球物理勘探,138,6.442028985507246
物耗,459,物资消耗,134,3.425373134328358
特使,17331,特命全权大使,3841,4.512106222337933
特困,10885,特殊困难,1631,6.67381974248927
特委,2823,特别委员会,2580,1.094186046511628
特批,1319,特别批准,182,7.247252747252747
特支,567,特别支部,61,9.295081967213116
特训,713,特别训练,154,4.62987012987013
特需,1129,特殊需要,1008,1.1200396825396826
犯属,13,犯人家属,63,0.2063492063492063
狱务,70,监狱事务,39,1.794871794871795
玉烟,54,云南玉溪卷烟厂,35,1.542857142857143
环保,143028,环境保护,43644,3.2771514984877648
环卫,7134,环境卫生,5014,1.4228161148783407
环发,693,环境与发展,1824,0.37993421052631576
环情,36,环境情况,131,0.2748091603053435
现值,735,现实价值,150,4.9
现况,1543,现实情况,2372,0.6505059021922428
现势,131,现实形势,15,8.733333333333333
玻纤,175,玻璃纤维,529,0.33081285444234404
珠影,64,珠江电影制片厂,36,1.7777777777777777
班厦,33,班达拉奈克国际会议大厦,35,0.9428571428571428
球卡,81,球员卡,413,0.19612590799031476
瑞航,184,瑞士航空公司,176,1.0454545454545454
瑞郎,815,瑞士法郎,5934,0.13734411863835524
瓶啤,505,瓶装啤酒,69,7.318840579710145
生化,7291,生物化学,1321,5.519303557910674
生资,6814,生产资料,8573,0.7948209494925931
田管,1377,田间管理,1534,0.8976531942633638
甲减,220,甲状腺功能减退,56,3.928571428571429
申装,29,申请安装,88,0.32954545454545453
电业,2635,电力工业,2308,1.141681109185442
电修,77,电机修理,16,4.8125
电大,2546,广播电视大学,652,3.9049079754601226
电建,1538,电力建设,1416,1.0861581920903955
电感,185,电子感应,71,2.6056338028169015
电教,1064,电化教学,202,5.267326732673268
电算,253,电子计算,1506,0.16799468791500663
电联,3244,国际电信联盟,1099,2.951774340309372
电镜,104,电子显微镜,310,0.33548387096774196
电院,43,电子工程学院,130,0.33076923076923076
男乒,860,男子乒乓球,541,1.5896487985212568
男单,19070,男子单打,3981,4.7902537050992215
男双,8246,男子双打,2225,3.7060674157303377
男曲,537,男子曲棍球,559,0.960644007155635
男板,42,男子跳板跳水,100,0.42
男网,1408,男子网球,1642,0.8574908647990256
男花,494,男子花剑,1272,0.38836477987421386
画艺,1616,绘画艺术,988,1.6356275303643724
留美,1795,留学美国,473,3.79492600422833
痕检,30,痕迹检验,36,0.8333333333333334
登联,71,登山联合会,13,5.461538461538462
监委,2135,监察委员会,841,2.5386444708680145
监检,30,监察和检察,28,1.0714285714285714
监销,33,监督销毁,158,0.2088607594936709
盒带,173,盒式录音带,32,5.40625
盟体,55,联盟体,83,0.6626506024096386
盲协,60,盲人协会,109,0.5504587155963303
盲校,280,盲人学校,115,2.4347826086956523
盲流,173,盲目流动,83,2.0843373493975905
直客,77,直通旅客列车,235,0.3276595744680851
直资,177,直接资助,127,1.3937007874015748
省医,2599,省立医院,507,5.126232741617357
督查,11094,监督检查,18957,0.5852191802500396
知青,2504,知识青年,536,4.6716417910447765
短网,61,短式网球,197,0.3096446700507614
矿大,430,矿业大学,594,0.7239057239057239
研发,71015,研究开发,8147,8.716705535780042
研审,18,研究审查,14,1.2857142857142858
研考,441,研究生入学考试,541,0.8151571164510166
硕导,63,硕士生导师,285,0.22105263157894736
磨耗,78,磨损消耗,11,7.090909090909091
社保,25521,社会养老保险,2882,8.855308813324081
社党,1016,社会民主党,3578,0.2839575181665735
社店,52,出版社和书店,30,1.7333333333333334
社改,428,社会改革,1017,0.42084562438544737
社教,633,社会教育,1302,0.4861751152073733
社盟,59,社会联盟,67,0.8805970149253731
社科,20497,社会科学,24271,0.8445057888014503
社署,546,香港社会福利署,128,4.265625
社群,3074,社会群体,1393,2.206748025843503
社青,93,社会青年,424,0.21933962264150944
票选,4738,投票选举,2058,2.3022351797862
祭仪,385,祭奠仪式,202,1.905940594059406
禁产,161,禁止生产,833,0.19327731092436976
禁映,59,禁止放映,22,2.6818181818181817
禁用,3273,禁止使用,2414,1.355840927920464
禁登,19,禁止刊登,43,0.4418604651162791
禁销,92,禁止销售,590,0.15593220338983052
福铁,530,福州铁路,136,3.897058823529412
私企,1897,私营企业,14994,0.1265172735760971
私宅,655,私人住宅,1183,0.5536770921386306
私小,66,私立小学,99,0.6666666666666666
私烟,483,走私香烟,619,0.7802907915993538
私物,450,私人物品,457,0.9846827133479212
私财,613,私人财产,620,0.9887096774193548
科仪,171,科学仪器,826,0.20702179176755447
科协,4209,科学技术协会,1018,4.134577603143418
科国,1969,科威特国,1039,1.8950914340712224
科研,135014,科学研究,21966,6.146499135026859
科考,7393,科学考察,4686,1.5776781903542467
科艺,177,科学和艺术,144,1.2291666666666667
税制,9566,税收制度,1309,7.307868601986249
税干,88,税务干部,562,0.15658362989323843
税检,84,税收检查,125,0.672
税警,86,税务警察,47,1.8297872340425532
空司,457,空军司令部,684,0.6681286549707602
空战,2689,空中作战,423,6.356973995271868
空政,832,空军政治部,361,2.3047091412742384
空港,2826,航空港,1055,2.6786729857819904
空爆,454,空中爆炸,220,2.0636363636363635
空距,30,空中距离,99,0.30303030303030304
空运,10072,航空运输,7766,1.2969353592583055
突审,415,突击审讯,72,5.763888888888889
立审,1117,立案审查,439,2.5444191343963554
立局,230,立法局,1528,0.1505235602094241
童军,842,童子军,406,2.0738916256157633
童装,1299,儿童服装,219,5.931506849315069
筹资,11905,筹集资金,5696,2.090063202247191
管养,262,管理和养护,33,7.9393939393939394
管城,793,管理城市,203,3.9064039408866993
管委,10359,管理委员会,8169,1.2680866691149468
管护,2601,管理和保护,437,5.951945080091533
管输,578,管道输送,350,1.6514285714285717
篮协,2815,篮球协会,1329,2.1181339352896913
篮总,327,香港篮球总会,42,7.785714285714286
篮联,315,篮球联合会,223,1.4125560538116593
篮赛,292,篮球赛,2386,0.12238055322715842
粪管,11,粪便管理,17,0.6470588235294118
粮价,9163,粮食价格,5524,1.6587617668356265
粮援,225,粮食援助,1737,0.12953367875647667
粮播,236,粮食播种,1255,0.18804780876494023
粮改,544,粮食购销体制改革,79,6.886075949367089
粮经,273,粮食经济,41,6.658536585365853
粮菜,130,粮食和蔬菜,128,1.015625
粮贸,83,粮食贸易,243,0.34156378600823045
精油,386,香精油,64,6.03125
精研,200,精心研究,202,0.99009900990099
索费,104,索取费用,17,6.117647058823529
纠风,6213,纠正行业不正之风,757,8.207397622192866
红属,14,红军家属,29,0.4827586206896552
红高,780,红色高棉,380,2.0526315789473686
纪监,191,纪律监督,122,1.5655737704918034
纯善,28,纯朴善良,60,0.4666666666666667
纳指,1578,纳斯达克综合指数,4161,0.3792357606344629
纺企,507,纺织企业,2035,0.2491400491400491
纺机,634,纺织机械,914,0.6936542669584245
组工,3556,组织工作,9227,0.3853907012029912
组派,765,组织派遣,235,3.25531914893617
组训,2748,组织训练,848,3.240566037735849
组设,677,组织设立,210,3.223809523809524
绍酒,19,绍兴酒,99,0.1919191919191919
经合,5607,经济合作,49270,0.113801501928151
经委,2127,经济委员会,2455,0.8663951120162933
经建,8452,经济建设,41505,0.20363811588965183
经技,258,经济与技术,364,0.7087912087912088
经援,576,经济援助,3808,0.15126050420168066
经改,2534,经济体制改革,7680,0.3299479166666667
经研,2476,经济研究,14773,0.16760305963582212
经管,1981,经济管理,5891,0.3362756747581056
经院,747,经济学院,3870,0.1930232558139535
结防,118,结核病防治,564,0.20921985815602837
统供,414,统一供应,144,2.875
统分,2085,统一分配,243,8.580246913580247
统战,12963,统一战线,8952,1.4480563002680966
统招,675,统一招生,336,2.0089285714285716
统整,899,统一整合,120,7.491666666666666
统检,560,统一检查,89,6.292134831460674
统测,525,统一测试,108,4.861111111111111
统算,108,统一核算,349,0.30945558739255014
统管,2005,统一管理,5123,0.3913722428264689
绥署,11,绥靖公署,56,0.19642857142857145
续任,1474,继续留任,1146,1.2862129144851655
续演,840,继续演出,108,7.777777777777778
续贬,1028,继续贬值,275,3.7381818181818183
续降,3983,继续下降,2748,1.4494177583697234
维园,321,香港维多利亚公园,105,3.057142857142857
维港,1201,维多利亚港,1178,1.0195246179966044
综保,75,综合保险,394,0.19035532994923857
绿带,292,绿化地带,44,6.636363636363637
编务,68,编辑业务,57,1.1929824561403508
编采,135,编辑采访,15,9
网协,2048,网球协会,1926,1.063343717549325
网膜,367,视网膜,1656,0.22161835748792272
罗政,1239,罗马尼亚政府,629,1.9697933227344993
罪因,46,犯罪原因,102,0.4509803921568627
美协,1210,美术家协会,1618,0.7478368355995055
美展,906,美术作品展览,155,5.84516129032258
美工,1268,美术工作,272,4.661764705882353
美校,80,美术学校,179,0.4469273743016759
美编,149,美术编辑,120,1.2416666666666667
美航,2912,泛美航空公司,443,6.5733634311512414
美院,1123,美术学院,2559,0.43884329816334505
群工,458,群众工作,4124,0.1110572259941804
群文,339,群众文化艺术,58,5.844827586206897
群管,125,群众管理,22,5.681818181818182
羽协,569,羽毛球协会,1119,0.5084897229669347
羽总,287,香港羽毛球总会,43,6.674418604651163
老协,63,老年人协会,129,0.4883720930232558
考纪,744,考试纪律,211,3.5260663507109005
考纲,265,考试大纲,1505,0.1760797342192691
考规,82,考试规则,68,1.2058823529411764
耶教,40,耶稣教,14,2.857142857142857
聋校,74,聋哑学校,377,0.1962864721485411
职中,1182,职业中学,715,1.6531468531468532
职初,26,职业初中,24,1.0833333333333333
职大,968,职工大学,156,6.205128205128205
职安,344,职业安全健康,152,2.263157894736842
职总,1391,职工总会,346,4.020231213872832
职改,62,职称改革,63,0.984126984126984
职校,1154,职业学校,6276,0.18387507966857872
职棒,2152,职业棒球,673,3.197622585438336
职灾,22,职业灾害,28,0.7857142857142857
职评,308,职称评定,955,0.3225130890052356
职高,1319,职业高中,746,1.7680965147453085
联保,1311,联合保险,171,7.666666666666667
联共,686,联合共产党,190,3.610526315789474
联招,871,联合招生,229,3.803493449781659
联校,125,联合学校,26,4.8076923076923075
联汇,273,联系汇率,528,0.5170454545454546
联航,1495,联合航空公司,858,1.7424242424242424
联试,332,联合试验,35,9.485714285714286
联贷,212,联合贷款,90,2.3555555555555556
聚赌,288,聚众赌博,672,0.42857142857142855
肌注,63,肌肉注射,163,0.38650306748466257
股价,45427,股票价格,4829,9.407123628080347
股值,232,股票价值,305,0.760655737704918
育乐,176,体育娱乐,368,0.4782608695652174
胆石,139,胆囊结石,90,1.5444444444444445
胸透,127,胸部透视,24,5.291666666666667
能委,890,能源委员会,402,2.2139303482587063
能耗,16570,能源消耗,3870,4.281653746770026
脊灰,260,脊髓灰质炎,1633,0.15921616656460502
脑体,191,脑力劳动和体力劳动,21,9.095238095238097
脱贫,16538,摆脱贫困,2705,6.113863216266174
脱险,3172,脱离危险,1695,1.871386430678466
腰穿,34,腰椎穿刺,14,2.4285714285714284
自协,338,自行车运动协会,327,1.033639143730887
自民,26985,自由民主,3997,6.751313485113835
自研,340,自行研制,2277,0.14931927975406237
自防,311,自身防范,71,4.380281690140845
舞协,181,舞蹈家协会,326,0.5552147239263804
舞师,18,舞蹈教师,92,0.1956521739130435
舞星,59,舞蹈明星,30,1.9666666666666663
舞校,94,舞蹈学校,301,0.3122923588039867
舞美,1796,舞台美术,298,6.026845637583893
航图,99,航空图,84,1.1785714285714286
航校,554,航空学校,256,2.1640625
航母,13836,航空母舰,5864,2.359481582537517
航联,72,航空联合会,77,0.935064935064935
航院,194,航空学院,353,0.5495750708215298
舰院,78,舰艇学院,707,0.11032531824611032
艰困,1231,艰难困苦,1224,1.005718954248366
艺创,2295,艺术创作,3210,0.7149532710280374
艺协,267,艺术家协会,338,0.7899408284023669
艺大,1589,艺术大学,581,2.7349397590361444
艺展,1262,艺术展览,992,1.2721774193548387
艺文,1369,艺术文化,626,2.186900958466454
艺校,367,艺术学校,865,0.42427745664739885
艺院,824,艺术学院,2316,0.35578583765112265
节市,1333,节日市场,988,1.3491902834008098
节支,2224,节约开支,710,3.132394366197183
节水,17379,节约用水,2241,7.755020080321285
节汇,208,节约外汇,158,1.3164556962025316
节电,2945,节约用电,703,4.1891891891891895
节耗,23,节约能耗,60,0.38333333333333336
节资,285,节约资金,955,0.29842931937172773
花协,257,花卉协会,248,1.0362903225806452
花市,3542,花卉市场,481,7.363825363825364
苏杭,320,苏州和杭州,34,9.411764705882351
苏绣,413,苏州刺绣,84,4.916666666666667
苦研,186,刻苦钻研,1599,0.11632270168855537
英航,1980,英国航空公司,1380,1.434782608695652
荣军,530,荣誉军人,75,7.066666666666666
药化,627,药物化学,75,8.36
药监,6869,药品监督,9547,0.7194930344610873
莎剧,87,莎士比亚戏剧,105,0.8285714285714286
莫大,3545,莫斯科大学,938,3.779317697228145
菊展,81,菊花展览,19,4.2631578947368425
菌痢,45,细菌性痢疾,93,0.4838709677419355
菲航,416,菲律宾航空公司,185,2.2486486486486488
营收,8628,营业收入,9580,0.9006263048016702
落政,17,落实知识分子政策,43,0.3953488372093023
葬仪,485,安葬仪式,204,2.377450980392157
蔬果,1284,蔬菜水果,1074,1.1955307262569832
虫草,2196,冬虫夏草,1061,2.0697455230914232
蚁防,22,白蚁防治,75,0.29333333333333333
血检,1251,血液检测,259,4.8301158301158305
血防,636,血吸虫病防治,206,3.087378640776699
行止,218,行为举止,481,0.4532224532224533
行管,8704,行政管理,14773,0.5891829689298044
街办,583,街道办事处,4927,0.11832758270752994
街委,14,街道委员会,12,1.1666666666666667
街居,318,街道居民,146,2.1780821917808217
街总,291,街坊总会,313,0.9297124600638976
补校,33,补习学校,258,0.12790697674418605
补税,719,补交税款,121,5.9421487603305785
表抗,142,乙型肝炎表面抗原,87,1.632183908045977
袭警,2276,袭击警察,330,6.8969696969696965
裂伤,466,撕裂伤,229,2.034934497816594
西大,9079,西北大学,1422,6.384669479606188
西画,285,西洋画,215,1.3255813953488371
西航,1151,西北航空公司,801,1.4369538077403246
西语,1200,西班牙语,2972,0.4037685060565276
要角,1534,重要角色,4090,0.3750611246943765
要项,1050,重要项目,1133,0.9267431597528684
观展,1354,参观展览,1027,1.3184031158714704
观赛,3065,观看比赛,3485,0.8794835007173601
规管,2150,规划管理,1348,1.5949554896142433
视协,376,电视艺术家协会,265,1.4188679245283018
解纷,119,解决纷争,159,0.7484276729559748
触法,316,触犯法律,928,0.34051724137931033
警号,417,警示信号,101,4.128712871287129
警校,639,警察学校,274,2.332116788321168
警署,2577,警察署,631,4.083993660855785
计免,293,计划免疫,896,0.32700892857142855
计办,507,计划办公室,127,3.992125984251969
计生,11829,计划生育,23273,0.5082713874446784
计陷,20,设计陷害,26,0.7692307692307693
订颁,263,制订并颁布,27,9.74074074074074
议联,2290,议员联盟,714,3.2072829131652663
设陷,142,设置陷阱,57,2.491228070175439
访京,1071,访问北京,1606,0.6668742216687422
访摄,26,采访拍摄,134,0.19402985074626863
访查,404,访问调查,63,6.412698412698413
访演,164,访问演出,1497,0.10955243820975284
评优,1926,评选优秀,295,6.5288135593220336
评先,1475,评选先进,322,4.580745341614906
评文,457,评论文章,3099,0.14746692481445628
评模,50,评选模范,11,4.545454545454546
评职,616,评定职称,140,4.4
诉案,3335,诉讼案,2984,1.117627345844504
译协,338,翻译工作者协会,64,5.28125
话机,4758,电话机,1782,2.67003367003367
语委,162,语言文字工作委员会,89,1.8202247191011236
语工,143,语言文字工作,461,0.31019522776572667
语训,267,语言训练,235,1.1361702127659574
读博,1659,攻读博士学位,765,2.168627450980392
调温,214,调节温度,100,2.14
调研,57062,调查研究,17107,3.335593616648156
调资,555,调整工资,183,3.0327868852459017
财困,228,财政困难,2002,0.11388611388611387
财年,9298,财政年度,7501,1.239568057592321
财校,33,财政学校,30,1.1
财相,341,财政相,183,1.8633879781420768
财金,1991,财政金融,1735,1.147550432276657
财长,13973,财政部部长,3041,4.594870108516935
责编,716,责任编辑,2569,0.2787076683534449
败因,330,失败原因,267,1.2359550561797752
货代,435,货物运输代理,86,5.058139534883721
货检,236,货物检验,73,3.232876712328767
货管,149,货物运输管理,19,7.842105263157895
质保,3933,质量保证,2414,1.6292460646230322
质控,377,质量控制,2248,0.16770462633451955
质标,1160,质量标准,3790,0.30606860158311344
质监,6980,质量监督,6964,1.0022975301550834
贪案,161,贪污案件,363,0.44352617079889806
贪贿,157,贪污和受贿,25,6.28
购股,1770,购买股票,767,2.3076923076923075
贸工,3041,贸易和工业,601,5.059900166389351
费负,1191,费用负担,632,1.884493670886076
赛地,1458,比赛地点,709,2.0564174894217206
赛项,3260,比赛项目,9171,0.35546832406498746
赛题,195,竞赛题目,30,6.5
赤几,899,赤道几内亚,1502,0.5985352862849534
超模,817,超级模特,234,3.4914529914529915
越战,4753,越南战争,1135,4.187665198237886
足协,32633,足球协会,3981,8.197186636523487
足校,300,足球学校,1111,0.27002700270027
跌势,4975,下跌趋势,708,7.02683615819209
路局,2084,铁路局,8533,0.24422829016758468
路警,1133,铁路警察,222,5.103603603603603
跳雪,168,跳台滑雪,1589,0.10572687224669604
车况,884,车辆状况,98,9.020408163265309
车市,27170,汽车市场,9123,2.978186999890387
车管,4034,车辆管理,1142,3.532399299474606
转风,336,转变作风,1344,0.25
轮涨,681,轮番上涨,212,3.212264150943396
软网,326,软式网球,528,0.6174242424242424
轻卡,625,轻型卡车,806,0.7754342431761787
轻汽,69,轻型汽车,589,0.11714770797962648
轻轿,27,轻型轿车,16,1.6875
边城,2600,边境城市,1509,1.7229953611663351
边检,6480,边防检查,1594,4.065244667503137
边贸,28211,边境贸易,3298,8.55397210430564
辽吉,75,辽宁吉林,17,4.411764705882353
辽大,146,辽宁大学,554,0.26353790613718414
辽沈,1737,辽宁沈阳,482,3.603734439834025
迎检,125,迎接检查,77,1.6233766233766234
运毒,1684,运送毒品,269,6.260223048327138
运管,1406,运输管理,1069,1.3152478952291862
运能,1993,运输能力,2364,0.8430626057529611
运贸,72,运输贸易,43,1.6744186046511629
运距,299,运输距离,159,1.880503144654088
运邮,71,运送邮件,20,3.55
还贷,7395,偿还贷款,966,7.65527950310559
远教,262,远距离教育,60,4.366666666666666
违宪,2191,违反宪法,1347,1.6265775798069784
违诺,94,违反承诺,109,0.8623853211009175
退管,67,退休职工管理,24,2.7916666666666665
退约,70,退出条约,92,0.7608695652173914
速测,447,快速检测,1098,0.407103825136612
速滑,11171,速度滑冰,2047,5.4572545188080115
速算,393,快速计算,42,9.357142857142858
道协,1157,道教协会,856,1.3516355140186915
邮储,656,邮政储蓄,2022,0.32443125618199803
邮协,33,集邮协会,301,0.1096345514950166
邮工,33,邮政工会,48,0.6875
邮市,790,邮票市场,105,7.523809523809524
邮费,313,邮政资费,164,1.9085365853658536
邮运,204,邮政运输,46,4.434782608695652
酒钢,377,酒泉钢铁公司,77,4.896103896103896
采供,703,采购供应,241,2.91701244813278
采标,121,采用国际标准和国外先进标准,118,1.0254237288135593
重审,2160,重新审查,554,3.898916967509025
重教,2937,重视教育,1506,1.950199203187251
重百,364,重庆百货,178,2.044943820224719
金价,14605,黄金价格,4412,3.3102901178603807
金市,3666,黄金市场,2786,1.31586503948313
金贸,178,黄金贸易,41,4.341463414634147
金饰,3287,黄金首饰,614,5.35342019543974
针麻,48,针刺麻醉,40,1.2
钓协,53,钓鱼协会,98,0.5408163265306123
钢研,276,钢铁研究,227,1.2158590308370043
钢院,43,钢铁学院,137,0.31386861313868614
钱江,2350,钱塘江,1908,1.2316561844863732
铁中,180,铁路中学,52,3.4615384615384617
铁总,683,铁路总工会,75,9.106666666666667
铅排,87,铅字排版,18,4.833333333333333
银系,160,银河系,1595,0.10031347962382443
销势,346,销售形势,428,0.8084112149532711
销文,43,销毁文件,59,0.7288135593220338
锡盟,212,锡林郭勒盟,1157,0.18323249783923945
镇反,48,镇压反革命,47,1.0212765957446808
长委,1316,长江水利委员会,1130,1.1646017699115043
长影,801,长春电影制片厂,213,3.76056338028169
长服,481,长期服用,615,0.7821138211382114
长汽,50,长春第一汽车制造厂,177,0.2824858757062147
长管,751,长期管理,254,2.956692913385827
长航,966,长江航运,931,1.037593984962406
长话,931,长途电话,2383,0.3906840117498951
长输,289,长途运输,380,0.7605263157894737
间选,2628,间接选举,358,7.340782122905028
防保,560,预防保健,947,0.5913410770855333
防台,2474,防御台风,404,6.123762376237623
防指,1022,防汛抗旱指挥部,3139,0.32558139534883723
防疟,129,防治疟疾,315,0.4095238095238095
防贪,404,防止贪污,140,2.8857142857142857
阿盟,8636,阿拉伯国家联盟,3399,2.5407472786113563
阿航,171,阿根廷航空公司,69,2.4782608695652173
阿语,425,阿拉伯语,2361,0.18000847098686998
附中,4195,附属中学,723,5.802213001383126
附小,683,附属小学,295,2.3152542372881357
附院,1017,附属医院,4069,0.2499385598427132
陆架,843,大陆架,1491,0.5653923541247485
陆校,41,陆军学校,47,0.8723404255319149
陆积,133,陆地面积,639,0.2081377151799687
陆航,3717,陆军航空兵,1007,3.69116186693148
降损,46,降低损耗,28,1.6428571428571428
陕公,38,陕北公学,209,0.18181818181818185
陶研,114,陶行知研究,38,3
陶艺,1676,陶瓷艺术,682,2.4574780058651027
雕艺,1075,雕刻艺术,354,3.036723163841808
雪联,457,滑雪联合会,244,1.8729508196721312
青保,52,青少年保护,216,0.24074074074074073
青协,159,青年协会,548,0.29014598540145986
青妇,371,青年妇女,232,1.5991379310344829
青工,1247,青年工人,482,2.587136929460581
青训,329,青年培训,127,2.590551181102362
静息,51,安静休息,28,1.8214285714285712
静点,69,静脉点滴,35,1.9714285714285715
非统,4160,非洲统一组织,2387,1.7427733556765814
非行,2197,非洲开发银行,1041,2.1104707012487993
韩商,452,韩国商人,109,4.146788990825688
韩食,61,韩国食品,135,0.45185185185185184
音协,437,音乐家协会,714,0.6120448179271709
音效,917,音响效果,305,3.00655737704918
音教,249,音乐教育,759,0.32806324110671936
顾委,968,顾问委员会,2953,0.32780223501523875
领台,428,占领台湾,97,4.412371134020619
领馆,13198,领事馆,10241,1.2887413338541158
飞安,643,飞行安全,2420,0.265702479338843
飞运,46,飞机运输,61,0.7540983606557377
食协,129,食品工业协会,275,0.4690909090909091
食市,166,食品市场,1655,0.10030211480362536
食油,826,食用植物油,1409,0.5862313697657914
食监,39,食品卫生监督检验,55,0.7090909090909091
餐旅,94,餐饮旅游,190,0.49473684210526314
餐营,57,餐车经营,13,4.384615384615385
饮服,3508,饮食服务,965,3.6352331606217616
首体,189,首都体育馆,961,0.1966701352757544
首图,87,首都图书馆,281,0.3096085409252669
首拍,194,首次拍卖,154,1.2597402597402598
首旅,313,首都旅游,105,2.980952380952381
首演,3105,首场演出,1430,2.1713286713286712
马岛,2200,马尔维纳斯群岛,592,3.716216216216216
马盟,601,阿拉伯马格里布联盟,243,2.4732510288065845
马约,3517,马斯特里赫特条约,795,4.423899371069182
马航,579,马来西亚航空公司,136,4.257352941176471
驾机,1398,驾驶飞机,505,2.768316831683168
驾照,3797,驾驶执照,1004,3.7818725099601593
高专,2648,高等专科学校,995,2.6613065326633167
高工,7773,高级工程师,4748,1.6371103622577927
高师,641,高等师范,475,1.3494736842105264
高干,2095,高级干部,1968,1.0645325203252032
高息,1324,高额利息,438,3.0228310502283104
高护,263,高级护士,38,6.921052631578948
高检,5306,最高人民检察院,11754,0.4514207929215586
高知,1980,高级知识分子,490,4.040816326530612
高铁,18172,高速铁路,10705,1.6975245212517516
高院,9111,高级人民法院,2988,3.0491967871485945
鲁博,198,鲁迅博物馆,191,1.036649214659686
鲁艺,240,鲁迅艺术文学院,26,9.23076923076923
鲜蔬,304,新鲜蔬菜,1907,0.15941269008914524
黄带,102,黄色录像带,19,5.368421052631579
黄陵,774,黄帝陵,1654,0.46795646916565903
一战后,147,第一次世界大战后,180,0.8166666666666667
一机厂,32,第一机械厂,12,2.6666666666666665
一机部,170,第一机械工业部,59,2.8813559322033897
一棉厂,17,第一棉纺织厂,42,0.4047619047619048
一炼钢,76,第一炼钢厂,67,1.1343283582089552
一附中,107,第一附属中学,17,6.294117647058823
七机部,83,第七机械工业部,45,1.8444444444444448
七运会,2367,第七届全国运动会,336,7.044642857142857
三机部,42,第三机械工业部,34,1.2352941176470589
上交会,66,上海商品交易会,25,2.64
上交所,1894,上海证券交易所,3722,0.5088662009672219
上师大,107,上海师范大学,690,0.15507246376811595
下议员,43,下议院议员,372,0.11559139784946236
世俱杯,408,世界俱乐部杯,156,2.6153846153846154
世俱赛,125,世界俱乐部赛,22,5.681818181818182
世经所,81,世界经济研究所,415,0.19518072289156627
世羽赛,122,世界羽毛球锦标赛,597,0.20435510887772193
世运会,285,世界运动会,455,0.6263736263736264
世锦赛,44036,世界锦标赛,10610,4.150424128180961
世青赛,3266,世界青年锦标赛,663,4.926093514328809
业委会,2066,业主委员会,1428,1.4467787114845938
个体户,5862,个体工商户,7111,0.8243566305723526
个调税,29,个人收入调节税,170,0.17058823529411765
中东社,187,中东通讯社,1193,0.1567476948868399
中心馆,73,中心图书馆,81,0.9012345679012346
中纪委,5017,中央纪律检查委员会,1717,2.92195690157251
中评委,264,国民党中央评议委员,105,2.5142857142857142
中财委,26,中央财政经济委员会,21,1.238095238095238
中运会,235,中学生运动会,531,0.4425612052730697
临委会,109,临时委员会,542,0.2011070110701107
临管会,1552,临时管理委员会,785,1.9770700636942675
主研人,22,主要研究人,74,0.2972972972972973
二医大,69,上海第二医科大学,342,0.20175438596491227
二十中,64,第二十中学,30,2.1333333333333333
二商局,40,第二商业局,18,2.2222222222222223
二机部,96,第二机械工业部,57,1.6842105263157894
二炼钢,109,第二炼钢厂,95,1.1473684210526316
二轻局,99,第二轻工业局,14,7.071428571428571
五一节,403,五一国际劳动节,169,2.3846153846153846
五四三,41,五讲四美三热爱,20,2.05
五城会,130,第五届城市运动会,27,4.814814814814815
亚举联,58,亚洲举重联合会,74,0.7837837837837838
亚俱杯,257,亚洲俱乐部杯,112,2.294642857142857
亚冬会,5048,亚洲冬季运动会,691,7.305354558610709
亚排联,168,亚洲排球联合会,56,3
亚武联,37,亚洲武术联合会,59,0.6271186440677966
亚田联,40,亚洲田径联合会,78,0.5128205128205128
亚网联,11,亚洲网球联合会,13,0.8461538461538461
亚羽联,23,亚洲羽毛球联合会,30,0.7666666666666667
亚锦赛,5552,亚洲锦标赛,1458,3.8079561042524
亚青赛,865,亚洲青年锦标赛,118,7.330508474576271
交咨会,21,交通咨询委员会,18,1.1666666666666667
交通量,613,交通流量,1393,0.44005743000717873
产加销,351,生产加工销售,42,8.357142857142858
人劳局,72,人事劳动局,76,0.9473684210526316
人口所,379,人口研究所,231,1.6406926406926408
人教司,13,人事教育司,80,0.1625
人教社,171,人民教育出版社,515,0.3320388349514563
仓管员,19,仓库管理员,75,0.25333333333333335
代总长,11,代理总参谋长,23,0.4782608695652174
企管处,36,企业管理处,32,1.125
企管部,30,企业管理部,92,0.32608695652173914
伊通社,373,伊拉克通讯社,826,0.4515738498789346
体改司,80,体制改革司,37,2.1621621621621623
作代会,130,作家代表大会,24,5.416666666666667
俄联邦,7441,俄罗斯联邦,9676,0.7690161223646135
保监处,61,保险业监理处,72,0.8472222222222222
儿基会,632,儿童少年基金会,480,1.3166666666666669
光机所,266,光学精密机械研究所,76,3.5
光电所,30,光电技术研究所,27,1.1111111111111112
全代会,1119,全国代表大会,9691,0.11546795996285213
全教会,189,全国教育工作会议,1099,0.17197452229299362
公平会,162,公平交易委员会,118,1.3728813559322033
公惩会,87,公务员惩戒委员会,37,2.3513513513513513
公用局,249,公用事业局,293,0.8498293515358362
六机部,22,第六机械工业部,24,0.9166666666666666
六运会,175,第六届全国运动会,35,5
共享税,73,中央和地方共享税,14,5.214285714285714
关工委,2230,关心下一代工作委员会,758,2.941952506596306
军代表,3082,解放军代表,1161,2.6546080964685617
军停会,32,朝鲜军事停战委员会,60,0.5333333333333333
军管会,199,军事管制委员会,55,3.618181818181818
军转干,1845,军队转业干部,883,2.0894677236693093
军需所,35,军需装备研究所,107,0.32710280373831774
农函大,450,农业函授大学,65,6.923076923076923
农合工,31,农民合同制工人,51,0.6078431372549019
农工委,95,农村工作委员会,62,1.532258064516129
农广校,171,农业广播电视学校,104,1.6442307692307692
农技协,60,农业技术协会,11,5.454545454545454
农用电,70,农业用电,70,1
农研室,19,农村政策研究室,66,0.2878787878787879
农研所,19,农业科学研究所,56,0.3392857142857143
农职校,11,农村职业学校,54,0.2037037037037037
农调队,291,农村社会经济调查队,100,2.91
农高会,236,农业高新科技成果博览会,82,2.8780487804878048
冬交会,79,冬季交易会,47,1.680851063829787
冶金所,23,冶金研究所,93,0.24731182795698925
刑警局,145,刑事警察局,282,0.5141843971631206
制博会,242,装备制造业博览会,137,1.7664233576642336
前委会,24,前敌委员会,126,0.1904761904761905
副主委,1865,副主任委员,5009,0.37232980634857255
加榴炮,68,加农榴弹炮,15,4.533333333333333
动物所,222,动物研究所,634,0.3501577287066246
助审员,27,助理审判员,192,0.140625
劳保所,17,劳动保护科学研究所,13,1.3076923076923077
劳技课,48,劳动技术课,39,1.2307692307692308
北师大,2670,北京师范大学,5293,0.5044398261855281
北师院,16,北京师范学院,53,0.3018867924528302
区计委,136,区计划委员会,29,4.689655172413793
医委会,69,医学委员会,499,0.13827655310621242
医科院,164,医学科学院,1309,0.1252864782276547
医管会,13,医院管理学会,39,0.3333333333333333
十五中,425,第十五中学,44,9.659090909090908
华师大,310,华东师范大学,1697,0.1826753093694755
南共体,2506,南部非洲发展共同体,1474,1.700135685210312
南农大,261,南京农业大学,300,0.87
南华会,18,香港南华体育会,12,1.5
南工团,13,南下工作团,24,0.5416666666666666
厂商会,649,香港中华厂商联合会,516,1.257751937984496
叙通社,62,叙利亚通讯社,417,0.1486810551558753
古丝路,80,古代丝绸之路,191,0.418848167539267
史语所,93,历史语言研究所,88,1.056818181818182
合同工,950,合同制工人,196,4.846938775510204
哈军工,128,哈尔滨军事工程学院,110,1.1636363636363636
哈医大,430,哈尔滨医科大学,488,0.8811475409836066
商交所,1442,商品交易所,8694,0.16586151368760063
商标权,1220,商标专用权,1058,1.1531190926275992
四城会,138,第四届城市运动会,68,2.0294117647058822
四机部,16,第四机械工业部,32,0.5
国开行,2406,国家开发银行,5071,0.4744626306448432
国新社,21,国际新闻社,68,0.3088235294117647
国税局,3711,国家税务局,1289,2.878975950349108
国统区,200,国民党统治区,147,1.3605442176870748
地导弹,303,地对地导弹,478,0.6338912133891214
地球所,138,地球物理研究所,455,0.3032967032967033
地矿局,303,地质矿产局,68,4.455882352941177
地科院,22,地质科学研究院,12,1.8333333333333333
城工部,35,城市工作部,18,1.9444444444444444
城管办,101,城市管理办公室,14,7.214285714285714
城调队,199,城市调查队,32,6.21875
基民党,431,基督教民主党,648,0.6651234567901234
基社盟,319,基督教社会联盟,114,2.798245614035088
墨通社,51,墨西哥通讯社,41,1.2439024390243902
声学所,47,声学研究所,44,1.068181818181818
夏奥会,122,夏季奥林匹克运动会,133,0.9172932330827068
外文局,442,外文出版发行事业局,68,6.5
外汇局,2296,外汇管理局,4443,0.5167679495836147
外经贸,13403,对外经济贸易,3205,4.181903276131045
外联处,25,对外联络处,27,0.925925925925926
外联部,168,对外联络部,1354,0.1240768094534712
外贸部,1521,对外贸易部,195,7.8
大三生,26,大学三年级学生,83,0.3132530120481928
大体协,67,大学生体育协会,280,0.2392857142857143
天影厂,23,天津电影制片厂,77,0.2987012987012987
天民党,228,天主教民主党,39,5.846153846153846
妇代会,249,妇女代表大会,138,1.8043478260869563
妇女会,543,妇女协会,262,2.072519083969466
妇委会,132,妇女委员会,207,0.6376811594202898
妇工委,29,妇女工作委员会,41,0.7073170731707317
妇救会,57,妇女救国会,19,3
学代会,20,学生代表大会,40,0.5
学工部,178,学生工作部,112,1.5892857142857142
学平险,168,学生平安保险,46,3.652173913043478
安保员,29,安全保卫人员,139,0.20863309352517984
安保部,908,安全保卫部,163,5.570552147239264
安医大,63,安徽医科大学,255,0.24705882352941175
安委办,321,安全生产委员会办公室,271,1.18450184501845
安莎社,489,安莎通讯社,145,3.372413793103448
实控线,142,实际控制线,914,0.15536105032822758
宣教部,161,宣传教育部,37,4.351351351351352
家教会,61,家庭教育研究会,81,0.7530864197530864
家计会,86,香港家庭计划指导会,24,3.5833333333333335
少儿社,50,少年儿童出版社,350,0.14285714285714285
尤杯赛,388,尤伯杯赛,371,1.045822102425876
居委会,9350,居民委员会,1684,5.552256532066508
展交会,129,展览交易会,101,1.2772277227722773
展洽会,213,展览洽谈会,47,4.531914893617022
工业所,268,工业经济研究所,442,0.6063348416289592
工博会,480,工业博览会,542,0.8856088560885609
工展会,342,工业展览会,276,1.2391304347826086
工研院,262,工业研究院,121,2.165289256198347
市交委,632,市交通委员会,403,1.5682382133995036
市商委,561,市商业委员会,63,8.904761904761905
市容委,505,市容管理委员会,100,5.05
市运会,104,市运动会,69,1.5072463768115942
年运量,295,年运输量,91,3.241758241758242
广电部,837,广播电影电视部,801,1.0449438202247192
广管局,212,香港广播事务管理局,24,8.833333333333334
库管员,46,仓库保管员,123,0.3739837398373983
应化所,84,应用化学研究所,90,0.9333333333333332
建机厂,12,建筑机械厂,62,0.1935483870967742
开发署,1082,联合国开发计划署,3776,0.2865466101694915
心内科,485,心血管内科,216,2.2453703703703702
心外科,328,心血管外科,181,1.8121546961325967
总工会,6106,中华全国总工会,3480,1.7545977011494254
戏文系,24,戏剧文学系,13,1.8461538461538465
技物所,29,技术物理研究所,97,0.29896907216494845
投洽会,2675,投资洽谈会,614,4.356677524429967
政研室,309,政策研究室,2437,0.12679524004924086
教科所,236,教育科学研究所,374,0.6310160427807486
教科院,300,教育科学研究院,192,1.5625
教统会,18,香港教育统筹委员会,17,1.0588235294117647
教联会,110,香港教育工作者联会,208,0.5288461538461539
数学所,141,数学研究所,290,0.4862068965517241
文卫体,209,文化卫生体育,25,8.36
文工会,19,文化工作委员会,37,0.5135135135135135
文管办,56,文化市场管理办公室,37,1.5135135135135136
文艺界,2494,文学艺术界,630,3.958730158730159
无人机,4331,无人驾驶飞机,1127,3.842945874001775
无核国,780,无核武器国家,430,1.813953488372093
日用品,4344,日常生活用品,562,7.729537366548043
日经联,14,日本经营者团体联盟,13,1.0769230769230769
时事社,638,时事通讯社,151,4.225165562913907
昆虫所,24,昆虫研究所,47,0.5106382978723404
智能所,26,智能研究所,16,1.625
曲作家,74,词曲作家,227,0.32599118942731276
有机所,32,有机化学研究所,127,0.25196850393700787
朝中社,2420,朝鲜中央通讯社,3101,0.7803934214769429
未保委,18,未成年人保护委员会,84,0.21428571428571427
机械委,22,机械工业委员会,18,1.2222222222222223
机电署,114,机电工程署,225,0.5066666666666667
机电部,614,机械电子工业部,93,6.602150537634409
林机厂,18,林业机械厂,42,0.42857142857142855
林研所,13,林业研究所,50,0.26
林科所,102,林业科学研究所,33,3.090909090909091
林科院,199,林业科学院,140,1.4214285714285717
林管局,273,林业管理局,102,2.676470588235294
校委会,58,校务委员会,180,0.32222222222222224
校董会,360,学校董事会,72,5
校运会,68,学校运动会,72,0.9444444444444444
核研所,11,核能研究所,49,0.22448979591836735
梅剧团,23,梅兰芳剧团,16,1.4375
植物所,238,植物研究所,558,0.4265232974910394
欧空局,205,欧洲空间局,191,1.0732984293193717
欧航局,1227,欧洲航天局,2485,0.4937625754527163
残奥运,513,残疾人奥林匹克运动,154,3.331168831168831
残工委,67,残疾人工作委员会,107,0.6261682242990654
民宗委,172,民族宗教委员会,72,2.388888888888889
民族宫,150,北京民族文化宫,499,0.30060120240480964
民管会,200,民主管理委员会,121,1.6528925619834711
民自党,283,民主自由党,252,1.123015873015873
民运会,731,少数民族运动会,545,1.341284403669725
水电大,111,水利电力大学,64,1.734375
水科院,82,水利水电科学研究院,114,0.7192982456140351
污控司,20,污染控制司,58,0.3448275862068966
汤杯赛,188,汤姆斯杯赛,274,0.6861313868613139
汽修厂,316,汽车修理厂,319,0.9905956112852664
法学所,375,法学研究所,432,0.8680555555555556
法工委,1269,法制工作委员会,1364,0.9303519061583576
法改会,40,香港法律改革委员会,25,1.6
海委会,33,政府间海洋学委员会,89,0.3707865168539326
海洋所,91,海洋研究所,701,0.12981455064194009
海监局,28,海上安全监督局,23,1.2173913043478262
消保会,58,消费者保护协会,41,1.4146341463414631
消保法,29,消费者保护法,90,0.32222222222222224
深交所,5044,深圳证券交易所,2655,1.8998116760828625
港澳办,2309,港澳事务办公室,985,2.344162436548223
澳督府,47,澳门总督府,12,3.9166666666666665
激光所,12,激光技术研究所,13,0.9230769230769232
火电站,232,火力发电站,176,1.318181818181818
煤化所,23,煤炭化学研究所,28,0.8214285714285714
煤机厂,21,煤矿机械厂,39,0.5384615384615384
煤炭部,566,煤炭工业部,201,2.81592039800995
煤管局,130,煤炭管理局,104,1.25
牡丹卡,292,牡丹信用卡,132,2.212121212121212
物交会,69,物资交易会,50,1.38
物理所,640,物理研究所,1027,0.6231742940603701
特教班,132,特殊教育班,52,2.5384615384615383
环保部,10531,环境保护部,4434,2.3750563824988724
环委会,215,环境保护委员会,253,0.849802371541502
环科所,35,环境科学研究所,114,0.30701754385964913
瓦检员,63,瓦斯检测员,14,4.5
生物所,194,生物研究所,823,0.235722964763062
电子局,39,电子工业局,47,0.8297872340425532
白兰花,45,白玉兰花,42,1.0714285714285714
直机关,1656,直属机关,994,1.6659959758551308
省防指,959,省防汛指挥部,389,2.4652956298200515
短训班,169,短期培训班,167,1.0119760479041915
石化厅,43,石油化学工业厅,13,3.3076923076923075
矿机厂,17,矿山机器厂,70,0.24285714285714283
矿管局,99,矿产资源管理局,66,1.5
社保费,561,社会保险费,2338,0.2399486740804106
社劳青,17,社会主义劳动青年同盟,13,1.3076923076923077
社科司,48,社会科学司,34,1.411764705882353
社科系,54,社会科学系,132,0.4090909090909091
科委会,21,科学研究委员会,92,0.22826086956521735
科技社,126,科学技术出版社,155,0.8129032258064516
科考队,3516,科学考察队,881,3.9909194097616343
空压机,166,空气压缩机,121,1.371900826446281
红中社,28,红色中华通讯社,28,1
约通社,19,约旦通讯社,108,0.17592592592592593
纪委会,304,纪律委员会,1868,0.16274089935760172
纪检委,1027,纪律检查委员会,2297,0.44710491946016545
纺织部,319,纺织工业部,215,1.4837209302325582
组宣部,17,组织宣传部,22,0.7727272727272727
组工会,36,组织工作会,231,0.15584415584415584
经协办,41,经济协作办公室,29,1.4137931034482758
经团联,329,日本经济团体联合会,337,0.9762611275964392
经济庭,91,经济审判庭,179,0.5083798882681564
经联会,24,经济联合会,192,0.125
经联社,59,经济联合社,61,0.9672131147540984
经适房,8114,经济适用房,13236,0.6130250831066788
群艺馆,253,群众艺术馆,356,0.7106741573033708
老体协,12,老年人体育协会,84,0.14285714285714285
老慢支,32,老年慢性支气管炎,11,2.909090909090909
老龄委,617,老龄工作委员会,412,1.4975728155339805
职高生,57,职业高中学生,32,1.78125
联交所,1845,香港联合交易所,564,3.271276595744681
联储局,1113,联邦储备局,584,1.9058219178082192
联委会,2455,联合委员会,1703,1.4415736934820904
联汇制,98,联系汇率制度,433,0.22632794457274827
自动线,42,自动生产线,85,0.4941176470588235
自控力,141,自我控制力,27,5.222222222222222
自贸区,8640,自由贸易区,13879,0.6225232365444197
花博会,1370,花卉博览会,737,1.858887381275441
药物所,127,药物研究所,333,0.3813813813813814
菲央行,122,菲律宾中央银行,232,0.5258620689655172
葡共体,103,葡语国家共同体,221,0.4660633484162896
蒙通社,151,蒙古通讯社,28,5.392857142857143
行政庭,304,行政审判庭,154,1.974025974025974
裁委会,135,裁判委员会,651,0.2073732718894009
西农大,93,西北农业大学,144,0.6458333333333334
西工大,103,西北工业大学,613,0.16802610114192496
规土局,104,规划土地局,37,2.810810810810811
解阵党,129,解放阵线党,218,0.591743119266055
计生户,106,计划生育户,103,1.029126213592233
计经委,269,计划经济委员会,45,5.977777777777778
计财司,21,计划财务司,20,1.05
计财处,86,计划财务处,33,2.606060606060606
计财部,24,计划财务部,29,0.8275862068965517
计量局,65,标准计量局,45,1.4444444444444444
证交所,4826,证券交易所,10985,0.4393263541192535
证交税,59,证券交易税,64,0.921875
证管办,41,证券管理办公室,25,1.64
语言所,123,语言研究所,126,0.9761904761904762
调解会,127,人民调解委员会,530,0.23962264150943396
财委会,413,财政委员会,768,0.5377604166666666
财经委,2605,财政经济委员会,1264,2.0609177215189876
质管部,16,质量管理部,73,0.2191780821917808
软交会,63,软件交易会,20,3.15
软件所,120,软件研究所,65,1.8461538461538465
边检站,3939,边防检查站,1791,2.1993299832495814
过境税,44,过境关税,19,2.3157894736842106
运管费,24,运输管理费,157,0.15286624203821655
近物所,33,近代物理研究所,155,0.2129032258064516
退管会,18,退休职工管理委员会,24,0.75
遗传所,111,遗传研究所,173,0.6416184971098265
金交所,542,金融交易所,135,4.014814814814815
金属所,59,金属研究所,101,0.5841584158415841
金管局,4427,香港金融管理局,2015,2.1970223325062035
铁一局,309,铁道部第一工程局,74,4.175675675675675
铁一院,74,铁道部第一勘测设计院,75,0.9866666666666668
铁三局,135,铁道部第三工程局,84,1.6071428571428572
铁三院,99,铁道部第三勘测设计院,52,1.9038461538461535
铁二院,57,铁道部第二勘测设计院,31,1.8387096774193548
铁五局,159,铁道部第五工程局,40,3.975
铁四局,349,铁道部第四工程局,68,5.132352941176471
铁四院,85,铁道部第四勘测设计院,37,2.297297297297298
长二丙,19,长征二号丙,162,0.11728395061728394
长城卡,167,长城信用卡,40,4.175
长话线,13,长途电话线,38,0.34210526315789475
长防林,257,长江防护林,166,1.5481927710843373
防总办,135,防汛总指挥部办公室,50,2.7
院党办,25,院党委办公室,15,1.6666666666666667
集游法,74,集会游行法,144,0.5138888888888888
青企协,34,青年企业家协会,221,0.15384615384615383
青少部,161,青少年部,108,1.4907407407407407
青工部,53,青年工作部,54,0.9814814814814816
青干班,37,青年干部培训班,33,1.121212121212121
青运史,18,青年运动史,19,0.9473684210526316
非工统,29,非洲工会统一组织,55,0.5272727272727272
领海权,30,领海主权,157,0.1910828025477707
飞行队,1437,飞行服务队,959,1.4984358706986445
首师大,248,首都师范大学,911,0.2722283205268935
高公局,70,高速公路管理局,270,0.25925925925925924
高教委,29,高等教育委员会,82,0.35365853658536583
高研班,50,高级研讨班,98,0.5102040816326531
高能所,114,高能物理研究所,206,0.5533980582524272
黄委会,245,黄河水利委员会,1068,0.2294007490636704
万国邮联,492,万国邮政联盟,375,1.312
上海交大,2043,上海交通大学,3635,0.5620357634112793
上远公司,21,上海远洋运输公司,52,0.40384615384615385
世卫组织,8677,世界卫生组织,21395,0.40556204720729144
世界工联,43,世界工会联合会,52,0.8269230769230769
中东和谈,2131,中东和平谈判,296,7.199324324324325
中央美院,545,中央美术学院,1256,0.4339171974522293
二十三中,22,第二十三中学,12,1.8333333333333333
二十二中,36,第二十二中学,17,2.1176470588235294
二次大战,1884,第二次世界大战,5682,0.33157338965153116
亚洲手联,37,亚洲手球联合会,20,1.85
交管部门,4636,交通管理部门,2440,1.9
人口老化,736,人口老龄化,3700,0.1989189189189189
人道立场,99,人道主义立场,55,1.8
住房改革,590,住房制度改革,2176,0.2711397058823529
保定军校,105,保定军官学校,11,9.545454545454543
全国青联,2241,中华全国青年联合会,711,3.151898734177215
公汽公司,31,公共汽车公司,199,0.15577889447236182
军转工作,149,军队转业干部安置工作,276,0.5398550724637681
农信联社,48,农村信用联社,206,0.23300970873786409
农发基金,271,农村发展基金,52,5.211538461538462
刑事技术,227,刑事科学技术,185,1.227027027027027
刑释人员,103,刑满释放人员,452,0.22787610619469023
劳动人口,1488,劳动年龄人口,503,2.9582504970178927
劳动市场,1280,劳动力市场,6832,0.1873536299765808
北京人艺,1168,北京人民艺术剧院,389,3.0025706940874035
北京体院,151,北京体育学院,117,1.290598290598291
北平艺专,53,北平艺术专科学校,15,3.533333333333333
北方交大,69,北方交通大学,192,0.359375
华东师大,644,上海华东师范大学,83,7.759036144578313
南太地区,240,南太平洋地区,684,0.3508771929824561
原子能所,22,原子能研究所,174,0.1264367816091954
台湾两岸,402,台湾海峡两岸,1480,0.2716216216216216
合作企业,1759,中外合作经营企业,294,5.982993197278912
国家民委,3421,国家民族事务委员会,499,6.855711422845691
国家经委,176,国家经济委员会,491,0.35845213849287166
国家语委,678,国家语言文字工作委员会,281,2.412811387900356
国家防总,5118,国家防汛抗旱总指挥部,2142,2.3893557422969187
国际世协,25,国际世界语协会,42,0.5952380952380952
国际举联,853,国际举重联合会,303,2.815181518151815
国际体联,823,国际体操联合会,522,1.5766283524904214
国际共运,76,国际共产主义运动,191,0.3979057591623037
国际冰联,201,国际冰球联合会,147,1.3673469387755102
国际垒联,187,国际垒球联合会,49,3.816326530612245
国际手联,103,国际手球联合会,83,1.2409638554216869
国际拳联,501,国际业余拳击联合会,107,4.682242990654205
国际柔联,63,国际柔道联合会,92,0.6847826086956522
国际棋联,1220,国际象棋联合会,214,5.700934579439252
国际箭联,61,国际射箭联合会,53,1.150943396226415
国际网联,758,国际网球联合会,306,2.477124183006536
国际羽联,2148,国际羽毛球联合会,290,7.406896551724138
国际航联,95,国际航空运动联合会,11,8.636363636363637
国际赛联,72,国际赛艇联合会,202,0.3564356435643564
国际铁联,57,国际铁人三项联合会,56,1.0178571428571428
国际马联,304,国际马术联合会,280,1.0857142857142856
地空导弹,1280,地对空导弹,1135,1.1277533039647578
大众传媒,980,大众传播媒介,196,5
工业废物,135,工业固体废物,383,0.3524804177545692
工发组织,373,联合国工业发展组织,687,0.5429403202328966
巴解组织,5339,巴勒斯坦解放组织,2599,2.0542516352443245
巴黎公约,55,保护工业产权巴黎公约,78,0.7051282051282052
延安鲁艺,54,延安鲁迅艺术学院,37,1.4594594594594594
建安公司,75,建筑安装公司,44,1.7045454545454546
开发协会,437,国际开发协会,309,1.4142394822006472
微生物所,72,微生物研究所,169,0.4260355029585799
投信公司,12,投资信托公司,74,0.16216216216216217
机器人所,38,机器人研究所,85,0.4470588235294118
杭州艺专,51,杭州艺术专科学校,15,3.4
欧华联会,258,欧洲华侨华人社团联合会,123,2.097560975609756
民爆器材,166,民用爆破器材,55,3.018181818181818
汽运公司,64,汽车运输公司,238,0.2689075630252101
环发大会,485,联合国环境与发展大会,530,0.9150943396226416
电子科大,224,电子科技大学,834,0.2685851318944844
祖国战线,190,祖国统一民主主义战线,99,1.9191919191919191
空地导弹,133,空对地导弹,266,0.5
经货联盟,622,欧洲经济货币联盟,66,9.424242424242424
联柬机构,673,联合国驻柬埔寨临时权力机构,235,2.8638297872340424
船舶证书,54,船舶检验证书,33,1.6363636363636365
行人专区,27,行人专用区,101,0.26732673267326734
西北师大,83,西北师范大学,268,0.30970149253731344
西南交大,353,西南交通大学,454,0.7775330396475771
西安体院,103,西安体育学院,83,1.2409638554216869
车险公司,95,汽车保险公司,76,1.25
金杯公司,68,金杯通用汽车有限公司,14,4.857142857142857
铁十一局,96,铁道部第十一工程局,11,8.727272727272727
铁十五局,77,铁道部第十五工程局,13,5.923076923076923
铁十六局,113,铁道部第十六工程局,24,4.708333333333333
长发公司,12,长江经济联合发展股份有限公司,13,0.9230769230769232
非公经济,1465,非公有经济,198,7.398989898989899
香港工联,360,香港工会联合会,358,1.005586592178771
香港教联,35,香港教育工作者联合会,12,2.9166666666666665
马列主义,2518,马克思列宁主义,2876,0.8755215577190543
人口普查办,215,人口普查领导小组办公室,101,2.128712871287129
农发基金会,57,国际农业发展基金会,144,0.3958333333333333
国家体改委,1411,国家经济体制改革委员会,196,7.198979591836735
国家商检局,249,国家进出口商品检验局,26,9.576923076923077
国家工商局,1096,国家工商行政管理局,1034,1.059961315280464
国家计生委,707,国家计划生育委员会,325,2.1753846153846155
国际计生联,29,国际计划生育联合会,62,0.46774193548387094
少儿基金会,14,少年儿童基金会,47,0.2978723404255319
拉美经委会,250,拉丁美洲和加勒比经济委员会,185,1.351351351351351
教科文卫委,733,教育科学文化卫生委员会,277,2.6462093862815883
文体广电局,23,文化体育广播电视局,12,1.9166666666666667
环保科研所,13,环境保护科学研究所,15,0.8666666666666667
中央工艺美院,82,中央工艺美术学院,217,0.3778801843317972
国际民航组织,889,国际民用航空组织,165,5.387878787878788
海湾合作委员会,2343,海湾阿拉伯国家合作委员会,266,8.808270676691729
